Id;StudentNo;G;S0U1A;S0U1;S0U1F;S0U1S;S0U1G;S0U1LS;S0U2A;S0U2;S0U2F;S0U2S;S0U2G;S0U2LS;S0U3A;S0U3;S0U3F;S0U3S;S0U3G;S0U3LS;S0U4A;S0U4;S0U4F;S0U4S;S0U4G;S0U4LS;E0A1A;E0A1;AM1;MG1;AJ1;JG1;E0A2A;E0A2;AM2;MG2;AJ2;JG2;E0A3A;E0A3;AM3;MG3;AJ3;JG3;FG
1;290125;Ai;B;/images/S0U1/290125_requirements.png;"Požiadavky definované v časti ""systém"" nespĺňajú charakter funkčných požiadaviek, ale skôr nefunkčných. Aktuálny návrh nie je úplne funkčný a chýba v ňom mnoho kľúčových funkcionalít, ktoré by boli nevyhnutné na to, aby bol systém v konečnom bode komplexný a plne použiteľný. Je potrebné zamyslieť sa nad všetkými aktérmi, ich úlohami v systéme a dôkladnejšie premyslieť návrh tak, aby bol vyvážený a reflektoval reálne potreby.";8;D;5;B;/images/S0U2/290125_usecase.png;"Všetci aktívni aktéri musia byť umiestnení na ľavej strane hranice systému, nie len časť z nich. Ďalším nedostatkom je, že návrh nezabezpečuje, aby každý aktér videl len svoje kurzy. Na tento účel je potrebné vytvoriť všeobecnú entitu ""Používateľ"", ktorej priradíte prípady použitia spoločné pre všetkých aktérov (napríklad ""prehliadať kurzy"", ""prihlásiť sa na kurz"" atď.). Ostatní aktéri (študent, učiteľ, manažér) by následne dedili funkcionalitu od tejto entity. Zo zadania jasne vyplývalo, že pri každom vytvorení kurzu sa musí priradiť administrátor, preto je nevyhnutné použiť stereotyp, ktorý túto povinnú závislosť medzi prípadmi použitia správne vyjadrí.";8;D;4;B;/images/S0U3/290125_activity.png;Diagram aktivít je jednoduchý ale akceptovateľný. Pre kvalitný a realistický návrh diagram by bolo potrebné výrazne rozšíriť a zahrnúť ďalšie prvky, ako sú viac rozhodovacích uzlov pre spracovanie rôznych podmienok, merge nodes na správne spájanie rozhodovacích ciest, swimlanes pre rozlíšenie zodpovedností jednotlivých aktérov alebo systémových zložiek, paralelné toky, ak proces umožňuje vykonávanie činností súbežne.;10;A;4;B;/images/S0U4/290125_class.png;Objednávky vytvára konkrétny typ používateľa – zákazník, nie technický účet. Vo viacerých triedach chýbajú metódy, ktoré by popisovali správanie systému. Napríklad Order by mal mať metódy ako calculateTotal(), confirmOrder() či cancelOrder(). Trieda Payment by mala obsahovať logiku ako processPayment() alebo refund(), a ShoppingCart by mohol mať napr. addProduct(), removeProduct(), clearCart(). Návrh je funkčný, ale určite ho odporúčam ďalej rozpracovať – zamerať sa na väzby medzi používateľmi, doplniť správanie (metódy), a spresniť roly jednotlivých tried.;8;D;4;B;/images/E0A1/290125_usecase.png;10;A;9;B;B;/images/E0A2/290125_activity.png;10;A;7;E;B;/images/E0A3/290125_class.png;2;Fx;0;Fx;C
2;290126;Ai;B;/images/S0U1/290126_requirements.png;Nefunkčné požiadavky sú veľmi dobre vypracované. Pri funkčných požiadavkách je potrebné sa viac zamerať na špecifické funkcionality redakčného systému, namiesto prílišného sústredenia sa na športovú doménu. Tiež je potrebné dbať na to, aby sa funkčné požiadavky zbytočne neopakovali. Ďalej by bolo vhodné ísť viac do hĺbky a pokryť aj kľúčové funkcionality, bez ktorých by systém nebol plne funkčný. Napríklad tri požiadavky týkajúce sa obľúbených hráčov, tímov, zápasov sú skôr minoritné, a hoci sú užitočné, systém by bez nich mohol fungovať bez problémov. Medzitým chýbajú funkcionality, ktoré sú pre komplexnosť systému nevyhnutné.;9;B;4;B;/images/S0U2/290126_usecase.png;"Všetci aktívni aktéri musia byť umiestnení na ľavej strane hranice systému, nie len časť z nich. Ďalším nedostatkom je, že návrh nezabezpečuje, aby každý aktér videl len svoje kurzy. Na tento účel je potrebné vytvoriť všeobecnú entitu ""Používateľ"", ktorej priradíte prípady použitia spoločné pre všetkých aktérov (napríklad ""prehliadať kurzy"", ""prihlásiť sa na kurz"" atď.). Ostatní aktéri (študent, učiteľ, manažér) by následne dedili funkcionalitu od tejto entity. Stereotypy extends sú nesprávne určené aj vyznačené — smerovanie šípky je chybné. Návrh neobsahuje pasívneho aktéra v podobe ""systému"", ktorý mal byť súčasťou riešenia podľa zadania. Navyše, prípady použitia, ktoré sú aktuálne k tomuto aktérovi priradené, nepredstavujú funkčné požiadavky, ktoré by sa mali v rámci UCD diagramu mapovať.";8;D;3;B;/images/S0U3/290126_activity.png;Diagram aktivít je pomerne jednoduchý, obsahuje len 1 rozhodovací uzol a akcie spolu so základnými prvkami. Toto riešenie je akceptovateľné ale je nevyhnutné pre kvalitný a realistický návrh diagram výrazne rozšíriť a zahrnúť ďalšie prvky, ako sú viac rozhodovacích uzlov pre spracovanie rôznych podmienok, merge nodes na správne spájanie rozhodovacích ciest, swimlanes pre rozlíšenie zodpovedností jednotlivých aktérov alebo systémových zložiek, paralelné toky, ak proces umožňuje vykonávanie činností súbežne.;9;B;4;B;/images/S0U4/290126_class.png;Diagram tried pokrýva základné komponenty systému, ale návrh obsahuje viaceré zásadné nedostatky. Z hľadiska logiky systému sú niektoré väzby nevhodné. Customer je priamo prepojený s Product, čo nedáva zmysel – zákazník produkty kupuje prostredníctvom objednávky (Order), nie napriamo. Navyše Order nie je napojený ani na Payment, ani na Product, takže nie je zrejmé, čo zákazník vlastne kupuje a ako za to platí. V skutočnosti by mal byť vzťah Customer → Order → Product a zároveň Order → Payment. Veľmi problematická je väzba medzi triedou Guest, Account a Interface. Guest a Account v žiadnom prípade nebudú prepojené, predsa sa jedná o používateľa, ktorý sa v systéme neuchováva. Medzi Guest a Account je zobrazená ako asociácia, čo naznačuje trvalý vzťah, ale hosť predsa nie je vlastníkom rozhrania ani s ním nie je pevne spojený. Hosť môže rozhranie len používať, takže by to mal byť vzťah typu use. Zároveň Interface nemá žiadne definované metódy, čo ho robí úplne nefunkčným ako interface – minimálne by malo obsahovať operácie ako view_products(), filter_products() či browse_catalog(). Viacero vzťahov medzi triedami buď obrátených, alebo nesprávne označených. Napríklad medzi Product a Review má byť síce vzťah 1:N ale vyznačený opačne. Rovnako prepojenie medzi Product a Catalog je označené ako kompozícia, čo nie je vhodné – katalóg produkty nevlastní, len ich agreguje alebo zobrazuje. Dátové typy v niektorých triedach sú zvolené nesprávne. ;7;E;2;B;/images/E0A1/290126_usecase.png;8;D;8;D;B;/images/E0A2/290126_activity.png;7;E;5;Fx;B;/images/E0A3/290126_class.png;6;Fx;7;E;C
3;290127;Ai;C;/images/S0U1/290127_requirements.png;Požiadavky definované v systéme nie je možné charakterizovať ako funkčné požiadavky. Zároveň návrh nepokrýva všetkých používateľov systému, ktorí z neho vyplývajú. Pre kompletnosť a správnu štruktúru návrhu je dôležité, aby všetky relevantné zainteresované strany mali definované svoje interakcie so systémom. Odporúčam doštudovať špecifikáciu požiadaviek, pochopiť rozdelenie na funkčné a nefunkčné požiadavky a lepšie sa zamyslieť nad konkrétnym systémom. Na základe toho by bolo potrebné zadefinovať požiadavky tak, aby plne pokrývali funkčný systém a zabezpečili jeho správne fungovanie.;4;Fx;5;C;/images/S0U2/290127_usecase.png;"Návrh nezabezpečuje, aby každý aktér videl len svoje kurzy. Na tento účel je potrebné vytvoriť všeobecnú entitu ""Používateľ"", ktorej priradíte prípady použitia spoločné pre všetkých aktérov (napríklad ""prehliadať kurzy"", ""prihlásiť sa na kurz"" atď.). Ostatní aktéri (študent, učiteľ, manažér) by následne dedili funkcionalitu od tejto entity. Všetci aktívni aktéri musia byť umiestnení na ľavej strane hranice systému, nie len časť z nich. Zo zadania jasne vyplývalo, že pri každom vytvorení kurzu sa musí priradiť administrátor, preto je nevyhnutné použiť stereotyp include, ktorý túto povinnú závislosť medzi prípadmi použitia správne vyjadrí.";7;E;3;C;/images/S0U3/290127_activity.png;Diagram aktivít obsahuje len akcie a jedno rozhodnutie, čo ani zďaleka nezodpovedá komplexnému návrhu systému. Návrh takto nepokrýva potrebnú procesnú logiku, ktorá by mala reflektovať reálne procesy systému vrátane podmienok a výstupov. Pre kvalitný a realistický návrh je potrebné diagram výrazne rozšíriť a zahrnúť ďalšie prvky z prednášok.;7;E;2;C;/images/S0U4/290127_class.png;V návrhu je správne použité členenie používateľov, pričom aj knihovník aj člen môžu vytvárať rezervácie. Nie je však úplne jasné, čo presne rezervujú – trieda Produkt je v kontexte knižničného systému príliš všeobecná. Aj keby sa tým mala označovať kniha, v návrhu stále chýba trieda pre konkrétnu položku knihy (exemplár), ktorú si používateľ reálne požičiava alebo rezervuje. V knižnici sa totiž zvyčajne nachádza viacero kópií jednej knihy, nie len jeden kus. Ďalej, návrh nezohľadňuje platby za oneskorené vrátenie výpožičky, čo je bežná súčasť knižničného systému. Taktiež by bolo vhodné doplniť informácie o knihách, ako napríklad umiestnenie, stav alebo ďalšie metadáta, ktoré by lepšie reflektovali požiadavky zadania. Čo sa týka notifikácií, nie je z návrhu jasné, na základe čoho vznikajú – trieda Správa síce existuje, ale chýbajú jej atribúty, ktoré by popisovali obsah alebo dôvod jej vzniku, a prepojenie s notifikáciami pôsobí nejasne. ;7;E;2;C;/images/E0A1/290127_usecase.png;5;Fx;4;Fx;C;/images/E0A2/290127_activity.png;6;Fx;5;Fx;C;/images/E0A3/290127_class.png;6;Fx;5;Fx;E
4;290128;Ai;B;/images/S0U1/290128_requirements.png;"Požiadavky z pohľadu používateľa sú pomerne dobre definované. Avšak, konkrétna požiadavka ""vybrať jazyk"" reprezentuje skôr nefunkčnú požiadavku, preto je potrebné správne kategorizovať jednotlivé požiadavky. Zároveň je nevyhnutné dotiahnuť systém aj z pohľadu ostatných zainteresovaných strán, aby bol návrh funkčný a skutočne reflektoval požiadavky systému ako celku. Formálna úroveň požiadaviek je nedostatočná napríklad formulácia ""môže upraviť nejaké tabuľky"" je príliš nejasná – bolo by dobré špecifikovať aké tabuľky, kto ich môže upravovať a aké konkrétne operácie sú povolené.";7;E;3;B;/images/S0U2/290128_usecase.png;"V aktuálnom návrhu sú zrejmé viaceré metodologické aj obsahové nedostatky, ktoré zásadne ovplyvňujú kvalitu modelu a jeho súlad so zadaním. V systéme sú nesprávne identifikovaní aktéri — návrh neobsahuje pasívneho aktéra v podobe systému, ktorý mal byť súčasťou riešenia podľa zadania. Navyše, prípady použitia, ktoré sú aktuálne k tomuto aktérovi priradené, nepredstavujú funkčné požiadavky, ktoré by sa mali v rámci UCD diagramu mapovať. Tieto prípady použitia nie sú činnosťami systému, ale skôr internými procesmi alebo technickými požiadavkami, ktoré nemajú v prípade použitia svoje miesto. Zo zadania jasne vyplývalo, že pri každom vytvorení kurzu sa musí priradiť administrátor, preto je nevyhnutné použiť stereotyp, ktorý túto povinnú závislosť medzi prípadmi použitia správne vyjadrí. Použitie len asociácií by bolo prípustné v prípade, že požiadavky nie sú striktne definované a systém by bol čisto na Vás. V tomto prípade však musíte vychádzať zo zadania, ktoré jasne definuje požiadavky systému. Ďalším nedostatkom je, že návrh nezabezpečuje, aby každý aktér videl len svoje kurzy. Na tento účel je potrebné vytvoriť všeobecnú entitu ""Používateľ"", ktorej priradíte prípady použitia spoločné pre všetkých aktérov (napríklad ""prehliadať kurzy"", ""prihlásiť sa na kurz"" atď.). Ostatní aktéri (študent, učiteľ, manažér) by následne dedili funkcionalitu od tejto entity. Navyše, zadanie určovalo, že manažér je zároveň aj učiteľ, a táto skutočnosť v návrhu vôbec nie je zohľadnená, čo je metodologická chyba.";7;E;4;B;/images/S0U3/290128_activity.png;Diagram aktivít obsahuje len základné prvky a nevyužíva pokročilé možnosti UML notácie, čo značne znižuje jeho výpovednú hodnotu. V diagrame opakovane dochádza k chybám, kde do jednej akcie vstupujú dve vetvy riadenia, čo je metodologicky nesprávne. V takýchto prípadoch je nevyhnutné použiť merge node, ktorý umožní správne zlúčenie tokov.;7;E;4;B;/images/S0U4/290128_class.png;Tento návrh zatiaľ nepredstavuje plnohodnotný class diagram, ale skôr hrubý doménový model. Chýbajú v ňom kľúčové prvky, ako sú násobnosti medzi triedami, metódy (operácie) v triedach a jasná objektovo-orientovaná štruktúra. Bez týchto častí nie je možné model považovať za implementačne použiteľný class diagram. Takmer všetky vzťahy medzi triedami sú znázornené ako kompozície, čo nie je správne – kompozícia by sa mala používať len v prípadoch, keď je trieda jednoznačne súčasťou inej triedy a nemôže existovať samostatne. Napríklad Product nemá byť kompozične viazaný na ShoppingCart, pretože produkt existuje aj nezávisle od nákupného košíka. Rovnako vzťah medzi Order a ShoppingCart je tiež nevhodne znázornený ako kompozícia. Navyše, v celom diagrame chýbajú metódy (funkcie). Napríklad triedy ako Order, Account, Customer či ShoppingCart by mali obsahovať operácie ako createOrder(), addToCart(), checkout(), login(), pay() a podobne. Bez týchto metód sa zo systému nedá pochopiť žiadne správanie. Ďalej, násobnosti vzťahov úplne chýbajú. Bez týchto informácií nie je diagram použiteľný pre návrh ani implementáciu. Rozhranie ViewPage je správne označené ako interface, ale neobsahuje žiadne metódy a ani nie je jasné, čo reprezentuje alebo kto ho implementuje. Navyše, je prepojené so všetkými entitami (Guest, Customer, Admin) bez vysvetlenia alebo logiky.;3;Fx;4;B;/images/E0A1/290128_usecase.png;7;E;7;E;B;/images/E0A2/290128_activity.png;6;Fx;6;Fx;B;/images/E0A3/290128_class.png;6;Fx;5;Fx;Fx
5;290129;Ai;C;/images/S0U1/290129_requirements.png;"Používatelia systému sú dobre identifikovaní. Avšak požiadavky je nevyhnutné premyslieť komplexnejšie a viac do hĺbky. Hosť nemôže mať len dve požiadavky – takto navrhnutý systém nie je veľmi užitočný. Je potrebné rozšíriť funkcionality, ktoré sú mu dostupné, aby systém pokrýval všetky relevantné interakcie. Požiadavka ""zrušiť rezerváciu"" patrí hosťovi, ktorý chce mať možnosť rezerváciu zrušiť. Systém môže umožniť zrušenie rezervácie, spracovať žiadosť a potvrdiť zrušenie, ale samotné rozhodnutie musí vykonať používateľ.";9;B;5;C;/images/S0U2/290129_usecase.png;Všetci aktívni aktéri musia byť umiestnení na ľavej strane hranice systému, nie len časť z nich. Diagram je  vypracovaný  až na tých aktérov veľmi dobre.;9;B;5;C;/images/S0U3/290129_activity.png;Diagram aktivít je v poriadku ale skladá sa len zo základných prvkov. Potom na skúške bude potrebné diagram aktivít výrazne rozšíriť a zahrnúť ďalšie prvky, ako sú viac rozhodovacích uzlov pre spracovanie rôznych podmienok, merge nodes na správne spájanie rozhodovacích ciest, swimlanes pre rozlíšenie zodpovedností jednotlivých aktérov alebo systémových zložiek, paralelné toky, ak proces umožňuje vykonávanie činností súbežne.;8;D;5;C;/images/S0U4/290129_class.png;"Nejasná násobnosť medzi Person a Vehicle. V diagrame je znázornené ako 1:1, čo nedáva zmysel – človek môže vlastniť viac vozidiel (napr. auto a motorku). Chýbajúce násobnosti medzi Vehicle a ParkingTicket. Momentálne nie je vôbec uvedená multiplicita. Vehicle 1 --- * ParkingTicket (vozidlo môže dostať viac tickets). Poznávacia značka nemá byť bool (pravda/nepravda), ale string – napr. ""BA123CD"". Hodnoty ako Active, Paid, Lost nedávajú pri parkovacích miestach úplne zmysel. Napr. miesto je skôr „Voľné / Obsadené / Rezervované“.";9;B;5;C;/images/E0A1/290129_usecase.png;10;A;9;B;C;/images/E0A2/290129_activity.png;7;E;7;E;C;/images/E0A3/290129_class.png;3;Fx;4;Fx;C
6;290130;Ai;B;/images/S0U1/290130_requirements.png;Vypracované riešenie nepredstavuje špecifikáciou požiadaviek, preto je potrebné si dôkladne naštudovať rozdiel medzi funkčnými a nefunkčnými požiadavkami. Odporúčam tiež systém rozdeliť podľa zainteresovaných strán, teda budúcich používateľov systému, a funkčné požiadavky definovať v súlade s budúcou funkčnosťou systému, aby návrh lepšie reflektoval jeho reálne využitie.;3;Fx;3;B;/images/S0U2/290130_usecase.png;"Návrh nezabezpečuje, aby každý aktér videl len svoje kurzy. Na tento účel je potrebné vytvoriť všeobecnú entitu ""Používateľ"", ktorej priradíte prípady použitia spoločné pre všetkých aktérov (napríklad ""prehliadať kurzy"", ""prihlásiť sa na kurz"" atď.). Ostatní aktéri (študent, učiteľ, manažér) by následne dedili funkcionalitu od tejto entity. ";7;E;3;B;/images/S0U3/290130_activity.png;Diagram aktivít v aktuálnej podobe obsahuje viaceré nedostatky. V prvom rade, akcie v diagrame nie sú ukončené, čo je metodologická chyba — každá akcia musí mať nadväzujúci tok riadenia, ktorý vedie k ďalšej akcii alebo k ukončeniu procesu. Nesmieme v diagrame ponechať akcie bez pokračovania, pretože tým narúšame logiku a čitateľnosť procesu. Ďalším problémom je, že diagram obsahuje len jeden rozhodovací uzol, čo je na komplexnosť modelovaného systému nedostatočné. Pre realistické zachytenie procesov je potrebné zahrnúť viac rozhodovacích bodov, ktoré budú reflektovať rôzne podmienky a vetvenia v procese.;7;E;3;B;/images/S0U4/290130_class.png;Návrh diagramu v súčasnej podobe vykazuje viacero nesprávne definovaných vzťahov, nejasných dedičností, chýbajúcich násobností a nesprávne použitého návrhového vzoru pre interface. Aktuálne je medzi triedami Review a Photo nastavená väzba 1:1, čo však nie je v súlade s reálnou situáciou – bežne sa k jednej recenzii (alebo k produktu, ktorého sa recenzia týka) pripája viacero fotografií. Tento vzťah by mal byť preto zmenený na 1:N, teda že ku jednej recenzii môže patriť viacero fotiek. Ďalej sú triedy SMS a Email prepojené s triedou Notification pomocou asociácií, pričom je zrejmé, že ide o konkrétne formy notifikácie. V takomto prípade by mali byť modelované pomocou dedičstva (generalizácie), t. j. SMS a Email by mali byť podtriedy triedy Notification. Každá z nich môže implementovať spôsob doručenia notifikácie svojím vlastným spôsobom. Rovnako tak aj Payment je v diagrame znázornený ako dedič triedy Notification, čo však nedáva zmysel – platba nie je špecifickým typom notifikácie. Podobne nejasný je aj vzťah medzi Catalog a Shopping_cart. Aktuálne je Catalog modelovaný ako nadradená trieda Shopping_cart, čo však opäť nedáva význam – katalóg reprezentuje ponuku produktov, zatiaľ čo nákupný košík obsahuje produkty vybrané zákazníkom. Nejde teda o dedičnosť, ale o samostatné entity, ktoré môžu zdieľať Product ako spoločný objekt. Rozhranie Interface1 je v návrhu zobrazené bez jediného obsahu – neobsahuje žiadne metódy, ktoré by malo definovať. Navyše vzťah medzi Guest, Catalog a Interface je nesprávny – Guest je s rozhraním prepojený cez asociáciu, čo nie je správne. Ak má Guest využívať rozhranie, vzťah má byť typu use, a Catalog by mal realizovať rozhranie (cez plnú šípku), nie byť len asociovaný. V diagrame tiež chýbajú násobnosti pri niektorých vzťahoch, čo sťažuje pochopenie toho, koľko inštancií tried môže byť medzi sebou naviazaných. Napokon, treba spomenúť, že viaceré atribúty sú redundantné alebo nesprávne typovo zvolené – napr. Adress: int by mal byť skôr objekt triedy Address, nie celé číslo. Make_order: int v triede Guest nedáva zmysel ako údaj – ak má ísť o operáciu, mala by byť uvedená ako metóda.;5;Fx;3;B;/images/E0A1/290130_usecase.png;5;Fx;4;Fx;B;/images/E0A2/290130_activity.png;4;Fx;2;Fx;B;/images/E0A3/290130_class.png;3;Fx;3;Fx;Fx
7;290131;Ai;B;/images/S0U1/290131_requirements.png;Požiadavky z pohľadu používateľa sú veľmi dobre zadefinované. Avšak, je nevyhnutné dotiahnuť systém aj z pohľadu ostatných zainteresovaných strán, aby bol návrh funkčný a skutočne reflektoval požiadavky systému ako celku. Odporúčam si dôkladnejšie naštudovať princípy špecifikácie požiadaviek a správnu identifikáciu používateľov.;7;E;4;B;/images/S0U2/290131_usecase.png;"V aktuálnom návrhu systému sa vyskytuje viacero vážnych metodologických a formálnych nedostatkov, ktoré výrazne znižujú kvalitu riešenia. Učiteľ v žiadnom prípade nemôže dediť funkcionalitu študenta. Tieto role sú jasne odlišné — učiteľ neplní úlohy študenta, ako je odovzdávanie úloh a rôzne iné. Použitie generalizácie medzi týmito dvoma aktérmi je metodologicky nesprávne. Ďalším nedostatkom je, že návrh nezabezpečuje, aby každý aktér videl len svoje kurzy. Na tento účel je potrebné vytvoriť všeobecnú entitu ""Používateľ"", ktorej priradíte prípady použitia spoločné pre všetkých aktérov (napríklad ""prehliadať kurzy"", ""prihlásiť sa na kurz"" atď.). Ostatní aktéri (študent, učiteľ, manažér) by následne dedili funkcionalitu od tejto entity. Stereotypy <> sú nesprávne určené aj vyznačené — smerovanie šípky je chybné, mala by viesť od nadradeného prípadu k zahrnutému prípadu použitia. Návrh neobsahuje pasívneho aktéra v podobe ""systému"", ktorý mal byť súčasťou riešenia podľa zadania. Navyše, prípady použitia, ktoré sú aktuálne k tomuto aktérovi priradené, nepredstavujú funkčné požiadavky, ktoré by sa mali v rámci UCD diagramu mapovať. Tieto prípady použitia nie sú činnosťami systému, ale skôr internými procesmi alebo technickými požiadavkami, ktoré nemajú v prípade použitia svoje miesto. Všetci aktívni aktéri musia byť umiestnení na ľavej strane hranice systému, nie len časť z nich. ";4;Fx;4;B;/images/S0U3/290131_activity.png;Diagram aktivít obsahuje len štyri akcie a jedno rozhodnutie, čo ani zďaleka nezodpovedá komplexnému návrhu systému. Návrh takto nepokrýva potrebnú procesnú logiku, ktorá by mala reflektovať reálne procesy systému vrátane podmienok a výstupov. Pre kvalitný a realistický návrh je potrebné diagram výrazne rozšíriť a zahrnúť ďalšie prvky, ako sú viac rozhodovacích uzlov pre spracovanie rôznych podmienok, merge nodes na správne spájanie rozhodovacích ciest, swimlanes pre rozlíšenie zodpovedností jednotlivých aktérov alebo systémových zložiek, paralelné toky, ak proces umožňuje vykonávanie činností súbežne. ;6;Fx;4;B;/images/S0U4/290131_class.png;Hoci diagram obsahuje základné triedy ako Account, Product, Order, Review, Payment, Admin, neobsahuje žiadne vzťahy medzi nimi, s výnimkou jediného prepojenia medzi Product a Order. Bez asociácií, agregácií, kompozícií či generalizácií nie je možné pochopiť, ako tieto triedy navzájom spolupracujú a v akých väzbách sa nachádzajú. Rovnako tu úplne chýbajú metódy – každá trieda má len atribúty, čo znamená, že diagram nezobrazuje žiadne správanie systému. Triedy ako Order, Account, Payment, či Review by prirodzene mali obsahovať funkcie ako napr. placeOrder(), makePayment(), addReview(), updateAccount() atď. Bez týchto metód diagram nepokrýva žiadnu funkcionalitu a nepredstavuje objektovo-orientovaný návrh, ale len jednoduchý zoznam údajových štruktúr.;0;Fx;2;B;/images/E0A1/290131_usecase.png;7;E;8;D;B;/images/E0A2/290131_activity.png;6;Fx;5;Fx;B;/images/E0A3/290131_class.png;5;Fx;5;Fx;E
8;290132;T;D;/images/S0U1/290132_requirements.png;V riešení nie je splnený požadovaný rozsah požiadaviek a zároveň chýbajú kľúčové entity systému, ako sú zadávateľ a hodnotiteľ. Je potrebné si uvedomiť, že administrátor nie je ten, kto hodnotí úlohy. V súlade so zadaním by zadávateľ mal vytvárať úlohy a mystery shopperi ich následne hodnotiť. V aktuálnej podobe návrh nepokrýva základný princíp fungovania systému, a preto ho nie je možné považovať za kompletný. Do budúcna je nevyhnutné sa nad systémom zamyslieť hlbšie, identifikovať všetky zainteresované strany a ich role a na tomto základe vypracovať požiadavky tak, aby systém ako celok dával zmysel, bol funkčný a logicky prepojený.;7;E;5;D;/images/S0U2/290132_usecase.png;"Vzťah include alebo extend medzi ""odoslať upozornenie o potvrdení objednávky"" a dôvodmi ako ""predpokladaný čas vyzdvihnutia"" atď. nie je vhodný ide totiž o dôvody, pre ktoré sa upozornenia posielajú, nie o voliteľné rozšírenia prípadu použitia. V tomto prípade je správnejším riešením generalizácia. Aktér, ktorý nemá priradený žiaden prípad použitia by mal byť z návrhu odstránený, pretože ide o formálnu chybu. Každý aktér v diagrame musí byť zapojený do minimálne jedného prípadu použitia.";7;E;4;D;/images/S0U3/290132_activity.png;"Aktivity diagram obsahuje viacero nedostatkov. Sú použité iba základné prvky ako akcie, rozhodovacie a signálne uzly odporúča sa využiť aj pokročilejšie prvky preberané na prednáškach ako napríklad (fork/join, merge, výnimky, časové podmienky, objektové uzly). Niektoré akcie nie sú atomické, napríklad ""platba"", ktorá predstavuje zložitejší proces. Odporúča sa ju nahradiť štruktúrovanou vnorenou aktivitou, ktorá presnejšie vystihne jednotlivé kroky (napr. výber spôsobu platby, zadanie údajov, potvrdenie). Z jednej akcie nesmú vychádzať dve vetvy, pokiaľ medzi nimi nie je použitý decision uzol. Vetvenie bez rozhodnutia je z hľadiska špecifikácie UML neplatné.";7;E;3;D;/images/S0U4/290132_class.png;Trieda Address definuje všetky svoje atribúty ako long, čo je nesprávne – city, country, state, street a zip_code by mali byť typu string, keďže ide o textové údaje. zip_code môže byť výnimočne int, ale aj ten sa často reprezentuje ako string (napr. kvôli vedúcim nulám alebo špeciálnym formátom). V návrhu dedí CinemaHallSeat od ShowSeat, čo by malo byť opačne aby to dávalo zmysel. ShowSeat predstavuje konkrétne miesto počas jednej projekcie (Show) – je to inštancia použitia sedadla z CinemaHallSeat. Teda dedičnosť má ísť opačne: ShowSeat by mal dediť od CinemaHallSeat. Rezervácia sa nevytvára priamo na Movie, ale na konkrétnu Show, pretože Show reprezentuje premietanie konkrétneho filmu v konkrétnom čase. Z toho vyplýva, že Booking má byť prepojený na Show, a ideálne aj na ShowSeat, aby bolo jasné, ktoré miesto si zákazník rezervoval. Catalog v návrhu realizuje rozhranie User_Interface, ale neobsahuje žiadne metódy. Trieda, ktorá implementuje rozhranie, musí obsahovať implementáciu (alebo aspoň deklaráciu) jeho metód, v tomto prípade search() a show_films(). Platba nie je prepojená s používateľom, ktorý ju realizoval. To znamená, že systém vie, že niečo bolo zaplatené, ale nie kto platil. Payment by mal byť prepojený na Customer alebo Account, aby sme mohli spätne dohľadať platiteľa.;7;E;3;D;/images/E0A1/290132_usecase.png;8;D;9;B;D;/images/E0A2/290132_activity.png;5;Fx;4;Fx;D;/images/E0A3/290132_class.png;6;Fx;6;Fx;E
9;290133;T;D;/images/S0U1/290133_requirements.png;Veľmi oceňujem, že ste si dali záležať na štruktúre a usporiadaní požiadaviek – sú logicky zoradené a z formálneho hľadiska sú tiež vypracované veľmi dobre. Zároveň chcem pochváliť, že ste dodržali požadovaný počet minimálne 15 požiadaviek a ich obsah  dobre pokrýva hlavné časti navrhovaného systému. Niektoré nefunkčné požiadavky ste zaradili medzi funkčné, čo môže spôsobiť nejasnosti, preto by bolo dobré ešte raz si prejsť všetky požiadavky a pokúsiť sa ich správne roztriediť. Funkčné požiadavky by mali opisovať konkrétne činnosti používateľa v systéme, zatiaľ čo nefunkčné požiadavky sa týkajú kvalitatívnych vlastností (ako rýchlosť, dostupnosť alebo kompatibilita). ;10;A;3;D;/images/S0U2/290133_usecase.png;Diagram prípadov použitia nepokrýva celý systém – chýbajú viaceré základné funkcionality, ktoré by systém donáškovej služby mal obsahovať. Vzťahy typu include a extend sú v tomto prípade úplne zbytočné a použité nesprávne. Steraotyp extend slúži výlučne na voliteľné alebo výnimočné správanie. Navyše sú šípky zle orientované (opačný smer).;7;E;5;D;/images/S0U3/290133_activity.png;V diagrame aktivít sú tri rozhodovacie uzly (decision nodes) poprepájané medzi sebou, čo odporuje princípom správneho modelovania. Každý rozhodovací uzol by mal mať jeden vstup a viacero výstupov s jasne definovanými podmienkami. Takéto vzájomné prepájanie rozhodnutí je neplatné – na základe čoho by sme vedeli určiť, ktorá vetva je aktívna? Oba diagramy obsahujú iba základné prvky UML a sú zjednodušené. Diagram neodráža požadované role ani interakcie medzi systémom a používateľmi, ako to vychádzalo zo zadania.;7;E;5;D;/images/S0U4/290133_class.png;Návrh UML diagramu systému rezervácie kina pôsobí na prvý pohľad prehľadne, avšak pri bližšom pohľade je zrejmé, že viaceré väzby sú buď nelogické, alebo neúplne špecifikované. To vedie k nedostatočnému pokrytiu základných funkčných požiadaviek systému. Jedným z prvých nesprávnych návrhov je asociácia medzi entitami Guest a Account. Guest je spravidla neregistrovaný používateľ systému – teda práve ten, ktorý účet nemá. Ak sa registruje, vytvorí si nový účet, ale nemôže mať s Account priamu 1:1 asociáciu, ako keby ho vlastnil vopred. Ďalej, trieda Payment v návrhu dedi Booking, čo je z metodologického hľadiska nesprávne. Platba nie je špeciálnym prípadom rezervácie – ide o samostatnú entitu, ktorá sa viaže na rezerváciu, ale z nej nevychádza. Správne by mala byť medzi Payment a Booking asociácia 1:1 alebo 1:N, kde jedna rezervácia môže viesť k jednej platbe, alebo v špeciálnych prípadoch k viacerým pokusom o platbu. Medzi mnohými triedami chýbajú násobnosti. Podobne, triedy CinemaHallSeat a ShowSeat by mali mať prepojenie – jedno reprezentuje trvalú infraštruktúru, druhé konkrétne pridelenie sedadla v rámci konkrétnej projekcie. Tu by bola vhodná generalizácia alebo aspoň jasná asociácia, ktorá určí, ktoré ShowSeat je odvodené z ktorého CinemaHallSeat. A trieda ShowSeat by mala byť tiež prepojená s Booking, takýto návrh neumožňuje používateľom si vybrať sedadlo. Ďalší podstatný nedostatok je, že trieda Payment nie je prepojená s konkrétnym používateľom (Customer). Bez toho systém nevie, kto danú rezerváciu zaplatil, čo je zásadný problém z pohľadu logiky aj z pohľadu auditu. Platby musia byť spätne dohľadateľné a prepojené s účtom zákazníka.;8;D;5;D;/images/E0A1/290133_usecase.png;9;B;9;B;D;/images/E0A2/290133_activity.png;7;E;8;D;D;/images/E0A3/290133_class.png;7;E;7;E;D
10;290134;Ai;C;/images/S0U1/290134_requirements.png;Požiadavky sú logicky členené, formálne správne a obsahovo pokrývajú navrhovaný systém, čo prispieva k prehľadnosti a kvalite návrhu.;10;A;5;C;/images/S0U2/290134_usecase.png;Diagram prípadov použitia je spracovaný správne, avšak hranica systému nie je pomenovaná, čo je formálna chyba. Prosím, dávajte si na takéto veci pozor, pretože na skúške by vás podobný detail zbytočne stál 1 bod čo by bola veľká škoda.;10;A;5;C;/images/S0U3/290134_activity.png;Diagram aktivít pozostáva zo základných prvkov. Na skúške bude potrebné diagram výrazne rozšíriť a zahrnúť ďalšie prvky, ako sú viac rozhodovacích uzlov pre spracovanie rôznych podmienok, merge nodes na správne spájanie rozhodovacích ciest, swimlanes pre rozlíšenie zodpovedností jednotlivých aktérov alebo systémových zložiek, paralelné toky, ak proces umožňuje vykonávanie činností súbežne.;10;A;4;C;/images/S0U4/290134_class.png;Značka: int – poznávacia značka nie je celé číslo, ale reťazec (napr. „BA123CD“). Text: int, Tel.: int, Mail: char – tieto údaje by mali byť typu string, nie int alebo char. Plat je označený ako dataType, ale ide o spôsob platby (hotovosť, kartou...). Tu by bol vhodnejší enumeration, nie dataType. L ako názov enumu pre stav lístka je nejasný. Lepšie pomenovanie by bolo napr. TicketStatus. Podobne Miesta → SpotStatus, Park → SpotType. PMiesto by malo byť jasnejšie pomenované ako napr. ParkingSpot. Lístok nie je napojený na Parkovisko – to znamená, že nevieme, kde bolo vozidlo zaparkované. Platba by mala mať vzťah k lístku, ale zároveň môže byť spojená aj s viacerými oznámeniami. V diagrame je len vzťah 1:1. Nie je jasné, ako vzniká oznámenie – nie je prepojené na žiadnu udalosť (ani pokuta, ani strata lístka...). Zamestnanec kontroluje vozidlo, ale z hľadiska systému by bolo výhodnejšie, keby kontroloval lístok alebo parkovacie miesto.;7;E;4;C;/images/E0A1/290134_usecase.png;10;A;9;B;C;/images/E0A2/290134_activity.png;6;Fx;6;Fx;C;/images/E0A3/290134_class.png;7;E;8;D;D
11;290135;Ai;C;/images/S0U1/290135_requirements.png;Požiadavky sú logicky členené, formálne správne a obsahovo pokrývajú navrhovaný systém, čo prispieva k prehľadnosti a kvalite návrhu.;10;A;5;C;/images/S0U2/290135_usecase.png;"V návrhu je potrebné dávať si pozor na logiku dedičnosti medzi aktérmi. Ak manažér dedí od učiteľa a učiteľ dedí od používateľa, nie je potrebné, aby manažér dedil aj priamo od používateľa. Tento vzťah je už automaticky zachytený cez dedičnosť cez učiteľa, a ak ho pridáte navyše, vytvárate tým zbytočnú duplicitu v modeli. Taktiež upozorňujem, že v diagrame sa nachádza aktér ""systém"", ktorý nemá priradený žiadny prípad použitia. Je správne, že systém ako aktér nemal byť v diagrame vôbec zahrnutý, ale to, že ste ho v návrhu nechali, je chyba. Na skúške by vás podobná chyba stála 1 bod, preto odporúčam na tieto detaily dávať si pozor — najmä pri finálnom čistení a kontrole diagramu.";9;B;5;C;/images/S0U3/290135_activity.png;Diagram aktivít je v poriadku, skladá sa zo základných prvkov. Na skúške ale takéto riešenie už nebude postačujúce a bude potrebné diagram výrazne rozšíriť a zahrnúť ďalšie prvky.;10;A;5;C;/images/S0U4/290135_class.png;V súčasnosti je Account priamo napojený na ParkingTicket, čo nedáva logiku. Parkovací lístok je vždy viazaný na vozidlo, nie na používateľa priamo. Jeden lístok na jedno vozidlo? Nie reálne – auto môže parkovať viac ráz denne. Chýba zásadná informácia: na ktorom mieste je vozidlo zaparkované. Lístok síce má atribút parking_spot, ale chýba vzťah medzi Vehicle a ParkingSpot. Dátové typy sú nesprávne name: int, address: int, ticket: int, date: int ??? Trieda Address je vytvorená ako dataType, ale nie je použitá (napr. v ParkingLot, Account, Attendant).;4;Fx;3;C;/images/E0A1/290135_usecase.png;6;Fx;4;Fx;C;/images/E0A2/290135_activity.png;4;Fx;4;Fx;C;/images/E0A3/290135_class.png;4;Fx;3;Fx;E
12;290136;Ai;B;/images/S0U1/290136_requirements.png;V riešení sú nesprávne identifikovaní používatelia systému sústredili ste sa iba na koncového zákazníka. Pri návrhu systému je  nevyhnutné analyzovať všetkých zainteresovaných aktérov a ich úlohy. Odporúčam dôkladne si naštudovať rozdiel medzi funkčnými a nefunkčnými požiadavkami. Zároveň by bolo vhodné systém analyzovať komplexnejšie, lepšie identifikovať všetky zainteresované strany a uvedomiť si, že šport je len doména – hlavným cieľom je správne navrhnúť systém ako celok.;4;Fx;4;B;/images/S0U2/290136_usecase.png;"Učiteľ v žiadnom prípade nemôže dediť funkcionalitu študenta. Tieto role sú jasne odlišné — učiteľ neplní úlohy študenta, ako je odovzdávanie úloh a rôzne iné. Použitie generalizácie medzi týmito dvoma aktérmi je metodologicky nesprávne. Ďalším nedostatkom je, že návrh nezabezpečuje, aby každý aktér videl len svoje kurzy. Na tento účel je potrebné vytvoriť všeobecnú entitu ""Používateľ"", ktorej priradíte prípady použitia spoločné pre všetkých aktérov (napríklad ""prehliadať kurzy"", ""prihlásiť sa na kurz"" atď.). Ostatní aktéri (študent, učiteľ, manažér) by následne dedili funkcionalitu od tejto entity. Stereotypy include/extend sú nesprávne určené aj vyznačené — smerovanie šípky je chybné. Návrh neobsahuje pasívneho aktéra v podobe ""systému"", ktorý mal byť súčasťou riešenia podľa zadania. Navyše, prípady použitia, ktoré sú aktuálne k tomuto aktérovi priradené, nepredstavujú funkčné požiadavky, ktoré by sa mali v rámci UCD diagramu mapovať. Všetci aktívni aktéri musia byť umiestnení na ľavej strane hranice systému, nie len časť z nich.";7;E;2;B;/images/S0U3/290136_activity.png;Diagram aktivít je v poriadku, skladá sa zo základných prvkov. Na skúške ale takéto riešenie už nebude postačujúce a bude potrebné diagram výrazne rozšíriť a zahrnúť ďalšie prvky.;7;E;2;B;/images/S0U4/290136_class.png;V class diagrame je niekoľko zásadných chýb, ktoré narúšajú logiku návrhu a odporujú princípom objektovo-orientovaného modelovania. Ak Order nie je spojený s Account, nie je možné určiť, kto objednávku vytvoril – čo je zásadný problém. Táto väzba v diagrame úplne chýba. Rovnako nevhodne je modelovaná aj trieda ShoppingCart, ktorá je v návrhu prepojená na Account, zatiaľ čo Order prepojený nie je. To naznačuje, že návrh z neznámeho dôvodu zobrazuje iba prechodný stav (košík), ale ignoruje finálnu entitu nákupu, teda samotnú objednávku. Takýto prístup je nevyvážený a v implementácii nepoužiteľný. Modelovanie ShoppingCart ako samostatnej triedy s vlastnými atribútmi ako products: list, count, či whole_value. Z objektovo-orientovaného pohľadu však nákupný košík nie je autonómna entita, ale typická asociačná trieda medzi Account a Product, ktorá okrem samotného spojenia uchováva pomocné údaje ako počet kusov daného produktu. Súčasná podoba triedy ShoppingCart preto neodzrkadľuje reálnu logiku systému – pôsobí ako dátový kontajner, nie ako vzťah medzi objektmi. Ďalším závažným nedostatkom je, že trieda Payment je prepojená iba na Account, ale nie na Order. To znamená, že systém vie, kto platil, ale nevie za čo. Platba je v praxi vždy viazaná na konkrétnu objednávku, preto musí byť Payment prepojený predovšetkým s Order, ideálne 1:1 alebo 1:N podľa logiky systému. Okrem toho má interface označený ako Interface vágne pomenovanie a síce obsahuje metódy, no jeho väzba na Guest je znázornená ako bežná asociácia. V skutočnosti by malo ísť o vzťah typu „use“, keďže Guest rozhranie iba používa a neviaže sa naň trvalým vzťahom, rovnako tak aj v prípade triedy Account.;7;E;4;B;/images/E0A1/290136_usecase.png;6;Fx;8;D;B;/images/E0A2/290136_activity.png;5;Fx;7;E;B;/images/E0A3/290136_class.png;6;Fx;7;E;E
13;290137;Ai;C;/images/S0U1/290137_requirements.png;Požiadavky sú logicky členené, formálne na veľmi dobrej úrovni a obsahovo pokrývajú navrhovaný systém, čo prispieva k prehľadnosti a kvalite návrhu.;10;A;5;C;/images/S0U2/290137_usecase.png;"Návrh neobsahuje pasívneho aktéra v podobe ""systému"", ktorý mal byť súčasťou riešenia podľa zadania. Navyše, prípady použitia, ktoré sú aktuálne k tomuto aktérovi priradené, nie sú vhodné.";9;B;5;C;/images/S0U3/290137_activity.png;Diagram aktivít je pomerne dobre spracovaný. Na skúške sa však bude očakávať, že diagram bude obsahovať nielen základné akcie, ale aj viac rozhodovacích uzlov pre spracovanie rôznych podmienok, merge nodes pre správne spájanie ciest po rozhodnutiach, swimlanes na rozlíšenie zodpovednosti jednotlivých aktérov alebo systémových častí, paralelné toky, ak proces umožňuje vykonávanie činností súbežne, a pokojne aj prvky ako tokeny, aby ste jasne zachytili riadenie toku v procese.;10;A;5;C;/images/S0U4/290137_class.png;Aký význam má vytvárať dátový typ pre niečo, čo už existuje? V bežnej praxi sa používa existujúci typ datetime (napr. v Pythone alebo Java LocalDateTime). Vytváranie vlastného dátového typu DateTime je zbytočné, pokiaľ nechceme modelovať úplne vlastné správanie alebo persistenciu. Enum VehicleType + triedy ako Car, ElectricCar atď. Buď sa použije dedičnosť a potom nie je potrebné VehicleType, alebo ak sa ide čisto cez typy (enum), netreba vytvárať podtriedy. Kombinácia je nadbytočná a zvyšuje zložitosť bez jasného prínosu. Niektoré dátové typy sú nesprávne. Email by mal byť string, rovnako ako username a pravdepodobne aj ticket_number. Súčasný návrh naznačuje nepochopenie základných dátových typov. Prečo sú triedy Person a ParkingSpot prepojené? Vlastní používateľ priamo ParkingSpot?;8;D;5;C;/images/E0A1/290137_usecase.png;10;A;9;B;C;/images/E0A2/290137_activity.png;9;B;8;D;C;/images/E0A3/290137_class.png;9;B;9;B;B
14;290138;T;D;/images/S0U1/290138_requirements.png;Zadefinované funkčné požiadavky systému sú z pohľadu zadania nedostatočné. V mnohých prípadoch nie sú požiadavky správne špecifikované ako konkrétne funkcionality systému, ale skôr ako všeobecné predstavy alebo technické detaily, ktoré do tejto časti nepatria.  Neodlíšili ste správne funkčné požiadavky od nefunkčných, viaceré formulácie sú nejednoznačné, neoveriteľné alebo nesúvisia so samotným správaním systému.;5;Fx;3;D;/images/S0U2/290138_usecase.png;"V návrhu je generalizácia modelovaná opačne – aktuálne to vyzerá, že každý zákazník je zároveň aj manažér, čo určite nebol zámer. V diagrame chýba jasné označenie hranice systému (system boundary) – bez nej nie je zrejmé, ktoré prípady použitia sú súčasťou systému a ktoré nie. Vzťahy extend sú často nesprávne smerované – napríklad pri prípadoch sledovať stav objednávky alebo vykonať platbu je extend správne zvolený, no šípka musí smerovať z vedľajšieho prípadu použitia do hlavného. Naopak, posielať upozornenia a ich špecifikácie ako ""o potvrdení"", ""o čase vyzdvihnutia"", ""o zmenách"" nie sú rozšírenia, ale špecifikácie prípadu použitia cez generalizáciu – ide o dôvody, pre ktoré sa notifikácia posiela, nie o voliteľné správanie.  ";5;Fx;3;D;/images/S0U3/290138_activity.png;V diagrame aktivít fork/join uzly musia byť použité symetricky – ak sa niečo paralelizuje, musí sa to aj opäť synchronizovať. Niektoré časti nie sú prepojené. Akcie ako vytvoriť účet, prihlásiť sa, vytvoriť objednávku nie sú atomické, ale predstavujú samostatné procesy – odporúča sa ich modelovať ako štruktúrované aktivity. Diagram nemá počiatočný bod (initial node), čo spôsobuje, že nie je jasné, kde proces začína. Na skúške sa odporúča pracovať aj s pokročilejšími prvkami.;7;E;3;D;/images/S0U4/290138_class.png;Class diagram by mal reflektovať aj správanie objektov, nie len ich štruktúru. Napr. Booking by mal obsahovať niečo ako confirm(), cancel(), assignSeat(). V celom návrhu je len 1 metóda (resetPassword()), čo z neho robí skôr datový model, nie implementačný class diagram. Person a Account sú prepojené asociáciou, ale ak každý používateľ má práve jeden účet, ideálne je použiť kompozíciu. Customer by mal dediť od Person, a Guest nesmie byť asociovaný na Account, pretože účet ešte nevlastní – môže maximálne používať nejaké rozhranie systému cez use vzťah. Admin nemá žiadnu väzbu – buď by mal dediť od Person, alebo mať asociáciu, ale nesmie byť „odpojený“ od zvyšku systému. FrontDeskOfficer by mal byť špecializáciou Person, nie nejakým potomkom Booking ako to diagram naznačuje cez nekorektnú šípku. Cinema → CinemaHall → CinemaHallSeat je modelované cez generalizáciu, ale ide o kompozíciu alebo agregáciu – fyzické väzby typu „obsahuje“. Dedičnosť tu nedáva zmysel, pretože CinemaHallSeat nie je „typom“ CinemaHall, ale jej súčasťou. Account je asociovaný s Payment, ale rezervácia (booking) by mala predchádzať platbe. Navyše, Account nevykonáva rezerváciu – tú vykonáva používateľ (Customer, Person), ktorého má Account zastupovať. Mnohé atribúty sú typu int, aj keď zrejme ide o text (napr. Name, Genre, Language) – malo by to byť string. Date a Time v triede Show by mali byť datetime, resp. LocalDateTime, nie int.;4;Fx;3;D;/images/E0A1/290138_usecase.png;0;Fx;0;Fx;D;/images/E0A2/290138_activity.png;0;Fx;0;Fx;D;/images/E0A3/290138_class.png;0;Fx;0;Fx;Fx
15;290139;T;D;/images/S0U1/290139_requirements.png;Podpora 24/7 a overovanie cez 2FA nie sú funkčné požiadavky, ale nefunkčné požiadavky, pretože sa týkajú kvalitatívnych vlastností systému, nie konkrétnych funkcionalít, ktoré používateľ vykonáva. Prosím, skúste nabudúce venovať väčšiu pozornosť rozdeleniu požiadaviek na funkčné a nefunkčné. Požiadavky by mohli byť lepšie formulované a zároveň je potrebné dávať pozor na opakovanie – CRUD operácie alebo správa účtov by nemali predstavovať štyri samostatné požiadavky. Takéto rozdelenie vedie k tomu, že sa vynechajú dôležité funkcionality systému, ktoré sú pre jeho správne fungovanie kľúčové. Treba sa zamerať na hlavné funkcionality, bez ktorých systém nemôže fungovať – tie by mali byť v špecifikácii jasne definované a pokrývať všetkých relevantných používateľov systému. Odporúčam si dôkladnejšie preštudovať rozdiel medzi funkčnými a nefunkčnými požiadavkami, venovať sa štruktúre požiadaviek a zamyslieť sa nad tým, ako správne identifikovať kľúčové aspekty systému.;8;D;5;D;/images/S0U2/290139_usecase.png;V Use Case diagrame je na modelovanie dôvodov odosielania upozornení použitý vzťah extend, no vhodnejšou voľbou by tu bola generalizácia – ide totiž o špecifikáciu rôznych typov správania sa toho istého prípadu použitia, nie o voliteľné rozšírenia. Takto použitý extend nezodpovedá významu tejto väzby.;9;B;5;D;/images/S0U3/290139_activity.png;V diagrame aktivít je chyba v tom, že do jednej akcie vstupujú dva toky, čo nie je povolené – v takom prípade je potrebné použiť merge uzol, ktorý správne spája alternatívne vetvy pred ďalšou akciou. Okrem toho návrh pracuje prevažne so základnými prvkami (akcie, rozhodovacie uzly, signály), pričom sa očakáva využitie aj pokročilejších prvkov.;7;E;5;D;/images/S0U4/290139_class.png;Dátový typ Address definuje city, country, state, street ako long, čo je nesprávne – názvy miest, štátov a ulíc sú reťazce (string), nie číselné hodnoty. Podobne v dátovom type name – Meno a Priezvisko sú int, čo by nikdy nemali byť. V celom diagrame sa zbytočne a nesprávne používa int a long, aj tam, kde by mal byť string, datetime, float a pod. Iba FrontDeskOfficer môže vytvárať rezervácie, čo znamená, že zákazník nemá možnosť rezervovať si sám. V reálnych systémoch je to práve zákazník, kto si vytvára rezerváciu, platí a vyberá si miesto – nie zamestnanec. V tejto architektúre by musel používateľ volať zamestnanca zakaždým, keď chce rezervovať lístok – čo je nepraktické a zle navrhnuté. ShowSeat dedí od CinemaHallSeat, no je to opačne – ShowSeat je konkrétny výskyt sedadla pre jedno predstavenie, zatiaľ čo CinemaHallSeat je fixná štruktúra miest v sále. Rovnako CinemaHall a Movie sú prepojené 1:1, čo nedáva zmysel – v jednej sále sa predsa premieta množstvo filmov, a jeden film sa môže premietať vo viacerých sálach. Malo by to byť N:M vzťah (zrealizovaný cez Show). User je deklarovaný ako interface, ale nenesie význam rozhrania – je to skôr rola alebo typ používateľa. Rozhranie má reprezentovať sadu operácií/metód, ktoré trieda ponúka. Trieda Katalog, ktorá ho implementuje, neobsahuje žiadne metódy ani atribúty, čo je v rozpore s tým, že rozhranie má mať reálne funkcie ako prezerat_filmy(), vyhladat_filmy() atď. Časť návrhu je v angličtine (napr. Booking, Customer, Movie, Account), druhá časť v slovenčine (meno, prihlás_sa, vytvor_účet, priezvisko, adresy, katalog). V jednej triede sa kombinuje slovenské pomenovanie atribútu s anglickým dátovým typom, čo výrazne znižuje čitateľnosť a konzistentnosť návrhu.;7;E;4;D;/images/E0A1/290139_usecase.png;8;D;6;Fx;D;/images/E0A2/290139_activity.png;4;Fx;4;Fx;D;/images/E0A3/290139_class.png;6;Fx;6;Fx;E
16;290140;Ai;C;/images/S0U1/290140_requirements.png;Požiadavky sú logicky členené, formálne správne a obsahovo pokrývajú navrhovaný systém, čo prispieva k prehľadnosti a kvalite návrhu.;10;A;5;C;/images/S0U2/290140_usecase.png;V návrhu sa nachádza aktér, ktorý nemá priradený žiadny prípad použitia, čo je klasifikované ako chyba. Každý aktér v diagrame musí byť naviazaný na aspoň jeden konkrétny prípad použitia, inak jeho existencia v modeli nedáva zmysel. ;9;B;4;C;/images/S0U3/290140_activity.png;Použitý stereotyp sa v rámci diagramu aktivít nepoužíva. Tento vzťah sa používa v diagramoch architektúry alebo tried na vyjadrenie väzby medzi abstraktnou špecifikáciou a jej realizáciou, nie v diagrame aktivít. V diagrame aktivít pracujeme s akciami, tokmi riadenia (control flow), rozhodovacími uzlami a podobnými prvkami procesného modelovania. Na skúške ale bude potrebné diagram aktivít rozšíriť a zahrnúť ďalšie prvky, ako sú viac rozhodovacích uzlov pre spracovanie rôznych podmienok, merge nodes na správne spájanie rozhodovacích ciest, swimlanes pre rozlíšenie zodpovedností jednotlivých aktérov alebo systémových zložiek, paralelné toky, ak proces umožňuje vykonávanie činností súbežne.;8;D;4;C;/images/S0U4/290140_class.png;Trieda Account dedí z Admin a Osoba , čo nedáva zmysel. Používateľský účet by mal byť vlastnosťou osoby, nie naopak. Navyše Admin by mal byť špecifickým typom používateľa. Osoba ako všeobecná trieda, z ktorej dedí Admin, Zamestnanec, a Account obsahuje len prihlasovacie údaje (kompozícia). Predplatene parkoviska je spojené priamo s Account, ale vozidlo nie je medzičlánkom. Predplatné by malo byť viazané na konkrétne vozidlo, nie na používateľa. Napr. Vozidlo → Predplatné. V súčasnosti nevieme, kde bol lístok vydaný (na ktorom parkovisku), ani ktorý zamestnanec ho vystavil. Meno, Priezvisko, email → určite nie int. Telefónne číslo tiež nie int, ale string (kvôli +421, medzerám atď.);7;E;4;C;/images/E0A1/290140_usecase.png;6;Fx;5;Fx;C;/images/E0A2/290140_activity.png;4;Fx;4;Fx;C;/images/E0A3/290140_class.png;4;Fx;4;Fx;E
17;290141;T;D;/images/S0U1/290141_requirements.png;Vaše riešenie považujem za veľmi dobrý základ, na ktorom sa dá ďalej stavať. Oceňujem, že ste sa pustili do návrhu systému a premysleli jeho hlavné časti. Do budúcna by som vám odporúčala dopracovať návrh tak, aby ste zahrnuli všetkých relevantných používateľov systému. Pomôže vám to pokryť všetky dôležité interakcie, ktoré sú potrebné na to, aby bol systém skutočne funkčný a prehľadne navrhnutý.;8;D;3;D;/images/S0U2/290141_usecase.png;"V návrhu Use Case diagramu sú všetky použité vzťahy include a extend nevhodne zvolené a zároveň nesprávne modelované. Aj v prípadoch, kde by ich použitie mohlo byť opodstatnené, sú smerované opačne Include musí vychádzať z hlavného prípadu použitia do vedľajšieho, Extend naopak smeruje z rozširujúceho prípadu do základného prípadu použitia. ""Typ platby: karta / Apple Pay"" nie je rozšírením prípadu ""platba"", ale predstavuje rôzne špecifické podtypy, preto je správne použiť generalizáciu. ""Dôvody odosielania upozornení"" nie sú voliteľným rozšírením prípadu ""odoslať upozornenie"", ale opäť ide o generalizáciu podľa dôvodu (napr. stav objednávky, čas vyzdvihnutia). ""Prístup k analýzam/predajom/zákazníkom"" taktiež nie je extend, ale patrí pod zovšeobecnenie prípadu použitia analyzovať dáta. Ďalej je dôležité rozlišovať formulácie aktivít systému – systém nevykonáva platby, ale ich vyžaduje alebo umožňuje ich realizáciu používateľom. Je nutné presne formulovať správanie systému, pretože vykonať a vyžadovať nie je to isté a vedie to k nesprávnemu chápaniu funkcionality.";6;Fx;4;D;/images/S0U3/290141_activity.png;V diagrame aktivít sú použité len akcie, ktoré nie sú vždy atomické a 2 rozhodovacie uzly, čo je veľmi málo a doslova hraničné aj ako forma zápočtu. Poprosím doštudovať si pokročilejšie prvky, akými sú fork/join (paralelné vetvenie a synchronizácia), merge uzly, object nodes, časové podmienky (time events), signály, výnimky (exception handlers).;7;E;3;D;/images/S0U4/290141_class.png;Trieda Payment síce existuje a je napojená na Booking, no chýba informácia o tom, kto tú platbu vykonal. Riešením by bolo pridať asociáciu medzi Person (alebo Account) a Payment, aby bolo možné spätne priradiť konkrétnu platbu používateľovi. Trieda Notification nemá prepojenie na žiadnu entitu používateľa. Nie je jasné, kto notifikáciu dostáva. právne by mala byť asociovaná napríklad na Person, aby bolo zrejmé, komu bola správa adresovaná. CinemaHallSeat je fyzické sedadlo v kinosále, zatiaľ čo ShowSeat je jeho stav počas konkrétneho premietania. Správne má byť ShowSeat dieťa CinemaHallSeat (napr. dedičnosťou), pretože stav sedadla (voľné/rezervované/zabrané) sa mení len počas predstavenia. Vzťah 1:1 tu nie je správny – jedno fyzické sedadlo bude mať viacero výskytov ShowSeat počas rôznych predstavení → ide o 1:N vzťah (CinemaHallSeat → ShowSeat). Podľa diagramu môže byť v jednej kinosále len jedno predstavenie. V praxi platí: jedna kinosála môže mať viac predstavení, teda vzťah by mal byť CinemaHall 1:N Show (a nie naopak). Reťazenie Cinema → Show → CinemaHall je pre mňa nepochopiteľné Cinema má predsa viac CinemaHall, každá CinemaHall má svoje Show, a Show zobrazuje Movie. Takto ako je to teraz, Cinema vytvára Show, ale Show je zároveň prepojená na CinemaHall, čo nedáva logiku – kto má teda vlastníctvo? Kto plánuje program? Momentálne nevieme, ktoré sedadlá sú počas daného predstavenia už obsadené. Hoci existuje choosed_seat[] v Booking, nie je modelovaná kontrola dostupnosti, resp. žiadna logika nevyhodnocuje obsadenosť.;7;E;5;D;/images/E0A1/290141_usecase.png;7;E;6;Fx;D;/images/E0A2/290141_activity.png;5;Fx;5;Fx;D;/images/E0A3/290141_class.png;6;Fx;5;Fx;D
18;290142;Ai;C;/images/S0U1/290142_requirements.png;Predložené riešenie predstavuje dobrý základ. Odporúčam však v návrhu pokračovať a dotiahnuť všetkých používateľov, aby systém pokrýval všetky relevantné interakcie.;8;D;4;C;/images/S0U2/290142_usecase.png;"Návrh nezabezpečuje, aby každý aktér videl len svoje kurzy. Na tento účel je potrebné vytvoriť všeobecnú entitu ""Používateľ"", ktorej priradíte prípady použitia spoločné pre všetkých aktérov (napríklad ""prehliadať kurzy"", ""prihlásiť sa na kurz"" atď.). Ostatní aktéri (študent, učiteľ, manažér) by následne dedili funkcionalitu od tejto entity. Učiteľ v žiadnom prípade nemôže dediť funkcionalitu študenta. Tieto role sú jasne odlišné — učiteľ neplní úlohy študenta, ako je odovzdávanie úloh a rôzne iné. Použitie generalizácie medzi týmito dvoma aktérmi je metodologicky nesprávne.";8;D;3;C;/images/S0U3/290142_activity.png;Diagram aktivít je v poriadku ale na skúške bude potrebné návrh rozšíriť a zahrnúť ďalšie prvky, ako sú viac rozhodovacích uzlov pre spracovanie rôznych podmienok, merge nodes na správne spájanie rozhodovacích ciest, swimlanes pre rozlíšenie zodpovedností jednotlivých aktérov alebo systémových zložiek, paralelné toky, ak proces umožňuje vykonávanie činností súbežne.;9;B;3;C;/images/S0U4/290142_class.png;Medzi Vehicle a ParkingTicket, ParkingSpot, Account a ďalšími chýbajú multiplicity. Bez nich nevieme, koľko inštancií sa môže viazať na druhú triedu (napr. či jedno vozidlo môže mať viac lístkov). Trieda pay_ticket má byť abstraktná alebo označená ako generalizačný základ s jasným smerovaním dedičnosti. Typy platieb cash, card, shek sú bez atribútov či správania – sú nedostatočne špecifikované. V UML sa nepoužívajú Python štýlové zápisy ako __issued_at. Správne je použiť modifikátor viditeľnosti: + (public), - (private), # (protected). Notification nie je prepojená na žiadneho adresáta (napr. Account, ParkingAttendant). Nevieme, kto notifikáciu vytvára a kto ju prijíma. Chýbajúce prepojenie medzi ParkingAttendant a ParkingTicket. Atribúty VehicleType.CAR: char, VehicleType.MOTORBIKE: char by nemali byť premenné triedy. Riešením je vytvoriť enumeráciu VehicleType a mať 1 atribút: type: VehicleType.;8;D;5;C;/images/E0A1/290142_usecase.png;6;Fx;5;Fx;C;/images/E0A2/290142_activity.png;6;Fx;4;Fx;C;/images/E0A3/290142_class.png;4;Fx;3;Fx;D
19;290143;Ai;A;/images/S0U1/290143_requirements.png;"Riešenie by bolo vhodné  rozšíriť aj z pohľadu ostatných používateľov, aby návrh pokrýval celý systém komplexne. Odporúčam tiež dávať si pozor pri špecifikácii požiadaviek – namiesto ""class"" by malo byť použité ""requirements"". Požiadavky by mohli byť jasnejšie formulované, aby boli zrozumiteľné pre všetky zainteresované strany. Zároveň je dôležité dodržať požadovaný rozsah, aby bol systém dostatočne zadefinovaný.";8;D;4;A;/images/S0U2/290143_usecase.png;Aktéri sú veľmi dobre identifikovaní, čo je pozitívnym základom modelu. Správna identifikácia aktérov napomáha k pochopeniu rolí a zodpovedností v rámci systému. Avšak z formálneho hľadiska je potrebné si dať pozor na umiestnenie aktérov v diagrame — aktívni aktéri (napr. študent a pedagóg) by mali byť umiestnení na ľavej strane, zatiaľ čo pasívni aktéri (napr. systém a katalóg kurzov) by mali byť na pravej strane diagramu. Správne umiestnenie zvyšuje prehľadnosť a čitateľnosť diagramu.Použitie stereotypov <> je v návrhu nesprávne — a to tak po obsahovej, ako aj po formálnej stránke, vrátane smerovania šípok. <> by mal byť použitý tam, kde ide o povinnú, opakovane vykonávanú činnosť v rámci nadradeného prípadu použitia. Navyše, smer šípky v notácii include má viesť od hlavného prípadu k zahrnutému prípadu, čo v návrhu nie je správne zobrazenéV návrhu chýba výrazné množstvo podstatných prípadov použitia (PP), ktoré priamo vyplývajú zo zadania. Bez ich zahrnutia je diagram neúplný a neodzrkadľuje požadovanú funkcionalitu systému. Zásadnou chybou je aj nesprávna logika v procese výberu kurzu — kurz si vyberá študent, nie systém za študenta. Tieto logické nedostatky výrazne znižujú presnosť návrhu.;5;Fx;3;A;/images/S0U3/290143_activity.png;Pokiaľ ide o diagram aktivít, aj tu je potrebné viacero zásadných opráv. Celkovo diagram pôsobí ako nedokončený a bez dostatočnej úrovne detailu, ktorý by správne odrážal procesy v systéme.;4;Fx;3;A;/images/S0U4/290143_class.png;Class diagram predstavuje implementačný model systému, preto by mal byť vytvorený bez použitia diakritiky. Viaceré atribúty v diagrame majú nesprávne dátové typy. Napríklad atribút „meno“ nemôže byť typu int, správne má byť typu String. Atribút „cena“ by nemal byť typu int, pretože ceny vo väčšine prípadov obsahujú desatinné hodnoty – vhodnejší je typ float alebo double. V prvom rade vzťah s násobnosťou „1..0“ je nesprávny, pretože takáto násobnosť v UML neexistuje. Správne by to malo byť „0..1“, „1..1“, „0..“ alebo „1..“ podľa logiky vzťahu medzi triedami. Okrem toho je väčšina vzťahov v diagrame nastavená s nesprávnou násobnosťou. Vzťahy typu „1:1“ sú vo väčšine prípadov nepravdepodobné a v reálnych systémoch aj považované za chybné. Odkazovanie sa má robiť priamo na názov enumerácie, teda na typ adresa, a nie na označenie „enumerate“. Všeobecne platí, že dátové typy a vzťahy musia presne odrážať logiku systému a byť v súlade so štandardmi UML.;5;Fx;3;A;/images/E0A1/290143_usecase.png;5;Fx;4;Fx;A;/images/E0A2/290143_activity.png;4;Fx;4;Fx;A;/images/E0A3/290143_class.png;5;Fx;4;Fx;E
20;290144;T;D;/images/S0U1/290144_requirements.png;Požiadavky, ktoré ste predložili, nie sú logicky usporiadané ani správne naformulované. V časti určenej pre funkčné požiadavky sa nachádzajú aj nefunkčné, čo naznačuje, že ste nepochopili základné rozdiely medzi týmito typmi požiadaviek. Možno by tomu bolo inak, ak by ste na spoločných cvičeniach pracovali a nezabávali sa hraním hier. Navyše, počet požiadaviek nezodpovedá stanovenému minimu a obsahovo nepokrývajú navrhovaný systém v dostatočnom rozsahu. Okrem iného nie je dovolené zápočet vypracovávať z pohodlia domova. ;0;Fx;5;D;/images/S0U2/290144_usecase.png;"Je potrebné si uvedomiť, že UML use case diagram nemá zobrazovať procesný tok alebo závislosti medzi aktivitami, ale má vyjadriť vzťah medzi aktérmi a funkcionalitami systému. V tomto prípade to žiaľ nie je dodržané. Prípady použitia sú nevhodne medzi sebou poprepájané asociáciami, ktoré NIKDY medzi PP nemodelujeme, akoby išlo o postupnosť krokov. Toto je nesprávny princíp – use case diagram nezobrazuje proces ako aktivita alebo sekvenčný diagram. Viaceré názvy prípadov použitia sú nepresne formulované, niektoré sú ako celé vety (napr. ""posielanie upozornení a potvrdení...""), čo je v UML nevhodné. Názvy by mali byť stručné, výstižné (napr. „Poslať upozornenie“). Chýba tiež označenie systémovej hranice a v návrhu sa nachádzajú vzťahy, ktoré sa ani nepoužívajú v tomto type diagramu.";3;Fx;5;D;/images/S0U3/290144_activity.png;Tento diagram aktivít je z hľadiska UML štandardov, rozsahu aj logiky procesu nedostatočný a nevhodne spracovaný. Pôsobí skôr ako jednoduchý postupný tok než ako správne navrhnutý model komplexného procesu donáškovej služby. Diagram sa zastavuje pri prijatí platby, čo je iba časť procesu. Neobsahuje žiadne ďalšie fázy ako spracovanie objednávky systémom, potvrdenie doručenia, oznámenia pre zákazníka, hodnotenie alebo reklamácia. Takýto obmedzený rozsah znamená, že diagram nepokrýva požiadavky systému ani zadania.;2;Fx;5;D;/images/S0U4/290144_class.png;Trieda Customer je prázdna – neobsahuje žiadne atribúty ani metódy, a nie je ani jasne napojená na základnú entitu Person. V aktuálnom modeli je Customer spojený s FrontDeskOfficer a Booking, no absentuje prepojenie s identitou používateľa (Person), čo znemožňuje systému identifikovať, kto konkrétne rezerváciu vytvoril. Riešením by bolo buď zlúčiť Customer a Person, alebo prepojiť Customer ako rozšírenie Person cez dedičnosť či kompozíciu. Ďalej, trieda Guest je priamo prepojená s entitou Account, čo je konceptuálne nesprávne. Guest v systémoch tohto typu nemá vytvorený účet – je to používateľ bez registrácie. Ak sa rozhodne vytvoriť účet, stáva sa z neho Person alebo Customer, ale rozhodne nemá mať 1:1 väzbu na Account od začiatku. Vzťah medzi Booking a Payment. V súčasnom návrhu to vyzerá, akoby rezervácia sama vykonávala platbu, čo odporuje princípom zodpovednosti v objektovo-orientovanom návrhu. Platbu realizuje konkrétny používateľ – zákazník, a preto musí existovať priama väzba medzi Payment a Customer alebo Person. Trieda Booking môže byť síce objektom platby, ale nikdy jej vykonávateľom. V aktuálnom návrhu má rezervácia vzťah ku kinu. Takže pravdepodobne ste pomerne bohatý, keď si viete zarezervovať celé kino. Ostatní smrteľníci si bohužiaľ rezervujú show a sedadlá v rámci konkrétneho predstavenia, čo nie je súčasťou návrhu. Chýbajú aj správne vyznačené multiplicity – bez týchto údajov nie je možné správne pochopiť, ktoré vzťahy sú 1:1, 1:N alebo M:N.;4;Fx;5;D;/images/E0A1/290144_usecase.png;6;Fx;7;E;D;/images/E0A2/290144_activity.png;6;Fx;5;Fx;D;/images/E0A3/290144_class.png;5;Fx;5;Fx;Fx
22;290145;Ai;C;/images/S0U1/290145_requirements.png;Požiadavky sú logicky členené, formálne správne a obsahovo pokrývajú navrhovaný systém, čo prispieva k prehľadnosti a kvalite návrhu.;10;A;5;C;/images/S0U2/290145_usecase.png;Diagram prípadov použitia je inak v poriadku a dobre vypracovaný, oceňujem správne zachytenie požiadaviek systému. Treba si však dať pozor na formálnu stránku — v návrhu chýba názov hranice systému, čo je chyba, ktorá by vás na skúške stála 1 bod úplne zbytočne.;10;A;5;C;/images/S0U3/290145_activity.png;Diagram aktivít je dobre vypracovaný. Na skúške ale bude potrebné diagram rozšíriť a zahrnúť ďalšie prvky z prednášky, ako sú merge nodes na správne spájanie rozhodovacích ciest, swimlanes pre rozlíšenie zodpovedností jednotlivých aktérov alebo systémových zložiek, paralelné toky, ak proces umožňuje vykonávanie činností súbežne.;10;A;5;C;/images/S0U4/290145_class.png;Diagram tried obsahuje zásadné nedostatky z hľadiska dátových typov, návrhových pravidiel UML, ako aj logiky vzťahov medzi entitami. Nevhodne zvolené dátové typy ako napr. heslo: int – heslo má byť string (šifrovaný hash), nie celé číslo. suma: int – výška platby by mala byť float alebo decimal. stav: boolean – stav parkovacieho lístka je zvyčajne komplexnejší ako pravda/nepravda. Hodí sa skôr enum (napr. Vydaný, Zaplatený, Stratený). handicap: int, zamestnanec: int – ak ide o logickú hodnotu, má byť boolean, ak referenciu, tak má byť prepojená cez objekt, nie primárny typ. Diagram takmer vôbec neuvádza kardinalitu (1, 0..*, atď.). Parkovacie Miesto, Vehicle, Parkovací lístok sú označené ako enumerácie, ale ich obsah nie sú hodnoty, ale skôr atribúty alebo celé entity. Navyše, žiadna z tried sa neodkazuje na enumeráciu ako atribút typu, čím sa stráca význam ich definovania. Metódy ako Car(), Invalid(), Ticket() alebo Account() sú pomenované rovnako ako triedy, čo je neštandardné a matúce – vyzerajú ako konštruktory v C++, ale UML ich nemá takto zapisovať. Metódy nemajú žiadnu funkčnú logiku ani parametre – pôsobia len ako placeholdery. Napr. Platba nie je naviazaná na konkrétny Parkovací lístok ani Účet – nie je jasné, kto a za čo platí. Zamestnanec nemá priradené parkovisko, ktoré spravuje. Vozidlo má byť spojené s Účet alebo Osoba, ak chceme vedieť vlastníka.;4;Fx;4;C;/images/E0A1/290145_usecase.png;6;Fx;7;E;C;/images/E0A2/290145_activity.png;6;Fx;6;Fx;C;/images/E0A3/290145_class.png;6;Fx;5;Fx;D
23;290146;T;D;/images/S0U1/290146_requirements.png;Chcem vás pochváliť za veľmi dobre spracované požiadavky, sú prehľadne štruktúrované, logicky zoradené a jasne formulované. Oceňujem tiež, že ste dodržali požadovaný počet minimálne 15 požiadaviek a obsahom ste pekne pokryli všetky dôležité časti navrhovaného systému. Skvelá práca.;10;A;5;D;/images/S0U2/290146_usecase.png;Use case diagram pokrýva budúce fungovanie a ukazuje pochopenie logiky systému. Z obsahového hľadiska je veľmi dobrý základ, no po formálnej stránke sú tu isté nedostatky. V diagrame sa nachádza manažér a zamestnanec, no nie je medzi nimi vyznačený žiadny vzťah dedičnosti (generalizácie), hoci je zrejmé, že manažér pravdepodobne zdedí všetky funkcie zamestnanca a navyše má rozšírené oprávnenia. Do budúcna možno zvážiť, či by takýto vzťah nezvýšil prehľadnosť a zároveň znížil množstvo prípadných redundantných väzieb v diagrame.;10;A;5;D;/images/S0U3/290146_activity.png;Diagram aktivít je po obsahovej aj formálnej stránke spracovaný korektne a zodpovedá zadaniu.;10;A;5;D;/images/S0U4/290146_class.png;Trieda Notification je v tomto návrhu neúplne navrhnutá, keďže definuje, čo sa posiela, ale už nie komu. Bez prepojenia na príjemcu (napr. Customer, Person, alebo aspoň Account) systém nemôže zabezpečiť doručovanie správ správnym používateľom. Navyše, nemôžeme v databáze spätne vyhľadať, kto notifikáciu dostal, čo je zásadný problém pre akúkoľvek podporu používateľa alebo audit. Doplniť by som ešte odporúčala, že rozhranie (Interface) musí byť niečím realizované – teda musí existovať trieda, ktorá ho implementuje. V tomto prípade je zrejmé, že ho má využívať Account, avšak aktuálne diagram vyzerá, ako keby Interface realizovalo Account, čo je presne opačne, než ako to funguje v objektovo-orientovanom návrhu. Inak veľmi pekné riešenie. ;10;A;5;D;/images/E0A1/290146_usecase.png;10;A;10;A;D;/images/E0A2/290146_activity.png;9;B;9;B;D;/images/E0A3/290146_class.png;10;A;10;A;A
24;290147;T;D;/images/S0U1/290147_requirements.png;Požiadavky sú prehľadne a logicky usporiadané, navyše jasne formulované, čo veľmi oceňujem. Dodržali ste aj požadovaný počet, a obsahovo ste obsiahli všetky kľúčové oblasti navrhovaného systému. Je vidieť, že ste sa návrhu venovali svedomito.;10;A;5;D;/images/S0U2/290147_usecase.png;Use case diagram je spracovaný prehľadne a jednoznačne. Aktéri aj prípad použitia sú zobrazené korektne a vzájomné vzťahy medzi nimi sú zreteľné. Diagram dobre vystihuje základné interakcie používateľov so systémom.;10;A;5;D;/images/S0U3/290147_activity.png;Výborná práca! Z diagramu je jasne vidieť priebeh procesu aj rôzne vetvenia. Oceňujem aj dôraz na detaily a konzistentné označovanie aktivít.;10;A;5;D;/images/S0U4/290147_class.png;Diagram je správne štruktúrovaný, s dôsledne rozdelenými zodpovednosťami medzi triedami. Použitie vzťahov ako generalizácia, agregácia či kompozícia je zvládnuté veľmi dobre. ;10;A;5;D;/images/E0A1/290147_usecase.png;10;A;10;A;D;/images/E0A2/290147_activity.png;10;A;10;A;D;/images/E0A3/290147_class.png;9;B;10;A;A
25;290148;Ai;C;/images/S0U1/290148_requirements.png;"Používatelia systému sú dobre identifikovaní, čo je pozitívne. Avšak požiadavky je nevyhnutné premyslieť komplexnejšie a viac do hĺbky. Hosť nemôže mať len dve požiadavky – takto navrhnutý systém nie je veľmi užitočný. Je potrebné rozšíriť funkcionality, ktoré sú mu dostupné, aby systém pokrýval všetky relevantné interakcie. Požiadavka ""môže zamestnať nových zamestnancov"" nie je funkcionalitou z pohľadu programátora, ktorú je možné priamo naprogramovať. Ak má byť takáto požiadavka relevantná, musela by sa špecifikovať ako ""systém umožňuje správu zamestnancov vrátane ich pridania, úpravy a odstránenia"", pričom by bolo potrebné definovať, kto má na tieto operácie oprávnenie. Požiadavky sú z pohľadu systému nevhodne definované – systém treba chápať ako časovač alebo automatizovaný proces, ktorý reaguje na akcie používateľov alebo na prednastavené pravidlá. Systém nemôže sám od seba zrušiť rezerváciu, pretože na základe čoho by tak rozhodoval? Táto požiadavka patrí hosťovi, ktorý chce mať možnosť rezerváciu zrušiť. Systém môže umožniť zrušenie rezervácie, spracovať žiadosť a potvrdiť zrušenie, ale samotné rozhodnutie musí vykonať používateľ. Odporúčam lepšie premyslieť požiadavky tak, aby zodpovedali reálnej funkcionalite systému, boli presne definované a reflektovali to, čo systém skutočne vykonáva.";7;E;3;C;/images/S0U2/290148_usecase.png;"Návrh nezabezpečuje, aby každý aktér videl len svoje kurzy. Na tento účel je potrebné vytvoriť všeobecnú entitu ""Používateľ"", ktorej priradíte prípady použitia spoločné pre všetkých aktérov (napríklad ""prehliadať kurzy"", ""prihlásiť sa na kurz"" atď.). Ostatní aktéri (študent, učiteľ, manažér) by následne dedili funkcionalitu od tejto entity. Učiteľ v žiadnom prípade nemôže dediť funkcionalitu študenta. Tieto role sú jasne odlišné — učiteľ neplní úlohy študenta, ako je odovzdávanie úloh a rôzne iné. Použitie generalizácie medzi týmito dvoma aktérmi je metodologicky nesprávne. Dávať si pozor, hranica systému je síce označená ale musí niesť názov systému a nie ""use case"".";8;D;4;C;/images/S0U3/290148_activity.png;Diagram aktivít obsahuje len akcie a jedno rozhodnutie, čo veľmi nezodpovedá komplexnému návrhu systému. Návrh takto nepokrýva potrebnú procesnú logiku, ktorá by mala reflektovať reálne procesy systému vrátane podmienok a výstupov. Na skúške bude potrebné diagram výrazne rozšíriť a zahrnúť ďalšie prvky.;7;E;3;C;/images/S0U4/290148_class.png;"Vozidlo a ParkovacieMiesto nie sú navzájom spojené. Vozidlo nie je priradené k žiadnemu miestu – to je zásadné pre parkovací systém. Account nie je nijako prepojený s osobou, vozidlom ani parkovacím lístkom, takže nie je možné určiť, kto má účet a aké má rezervácie. Car je podtrieda Osoba, čo nedáva zmysel. Car by mal dediť z Vozidlo, nie z človeka. Admin dedí z Account, ale účet nie je napojený na žiadne entity súvisiace so správou systému. Nikde nie sú vyznačené kardinality (1, 0..*, 1..*, atď.), takže nie je jasné, koľko parkovacích miest má jeden lístok, koľko áut má osoba, atď. Adress má atribúty ako street: int, cyty: int – tieto určite nemajú byť typu int, ale string. status: boolean pri ParkingTicket je málo – treba enum, napr. Active, Paid, Expired, ... cislo_auta a license_plate sú redundantné, jedno z toho by stačilo. Niektoré triedy majú podozrivo veľa metód (napr. Zamestnanec) a pôsobia ako ""super trieda"", zatiaľ čo iné nemajú nič (ParkovacieMiesto). ParkingLot má metódy ako create_account() – čo nedáva zmysel, parkovisko nevytvára účty. Car je podtrieda Osoba, čo je nelogické. Admin dedí z Account, ale ostatní používatelia nie. Neexistuje dedičnosť pre typy áut (napr. Auto, Motorka, Elektroauto) – to by malo byť cez Vozidlo.";3;Fx;2;C;/images/E0A1/290148_usecase.png;5;Fx;5;Fx;C;/images/E0A2/290148_activity.png;4;Fx;5;Fx;C;/images/E0A3/290148_class.png;2;Fx;0;Fx;Fx
26;290149;T;D;/images/S0U1/290149_requirements.png;"Vaše riešenie je naozaj veľmi dobre spracované, vidieť, že si si na ňom dali záležať. Odporúčala by som však ešte trochu viac rozpracovať požiadavky týkajúce sa používateľa, aby návrh lepšie zachytil všetky dôležité interakcie so systémom. Tiež by som chcela upozorniť, že GDPR patrí medzi nefunkčné požiadavky – bolo by fajn si ešte preštudovať rozdiel medzi funkčnými a nefunkčnými požiadavkami, aby ste ich vedeli správne rozlíšiť. 
";9;B;5;D;/images/S0U2/290149_usecase.png;Z hľadiska zákazníka sú požiadavky zadefinované dobre – PP, ktoré vykonáva, sú pokryté a dávajú zmysel. To však už nemožno povedať o aktéroch ako zamestnanec a manažér, ktorých funkcionalita je nedostatočne rozpracovaná. Diagram pôsobí neucelene z pohľadu ostatných aktérov – chýbajú kľúčové činnosti. Zároveň nie v každom návrhu je potrebné zohľadňovať pasívneho aktéra ako „systém“.;5;Fx;5;D;/images/S0U3/290149_activity.png;Diagram aktivít opisuje triviálnu vetvu rozhodovania, ktorá by mohla byť zvládnutá jednou premennou (napr. kategória jedla). Tri rozhodovacie uzly vedú k rovnakému výsledku (pridanie do ponuky), čo spôsobuje zbytočnú redundanciu. Chýba komplexnejšia logika takýmto spôsobom je diagram málo prínosný z hľadiska analýzy alebo návrhu systému.;3;Fx;4;D;/images/S0U4/290149_class.png;Z návrhu vyplýva, že rezerváciu môže vytvárať výhradne FrontDeskOfficer, čo pôsobí veľmi obmedzujúco. Chýba trieda Customer – ktorá by mala reprezentovať bežného používateľa systému – nemá žiadne prepojenie na triedu Booking. To znamená, že ako zákazník nemám možnosť vytvoriť si rezerváciu sama, čo je v rozpore s modernými systémami na správu kín, kde zákazníci štandardne robia rezervácie online. Podobný problém nastáva pri triede Notification. Hoci notifikácie vznikajú z Booking, nikde nie je uvedené, komu sú adresované. Nie je tu žiadna väzba na Person, Account, ani Guest. Výsledkom je, že systém vie, že sa má niečo oznámiť, ale nevie komu, čo úplne ruší zmysel notifikačného systému. A ako si správne všimol – podľa aktuálnej štruktúry by mohol notifikáciu dostať pokojne aj FrontDeskOfficer, aj keď ho sa daný Booking vôbec netýka. Ďalej, triedy ShowSeat a CinemaHallSeat by mali byť navzájom prepojené, prípadne by mali byť modelované ako generalizácia/špecializácia. V návrhu chýba informácia, ktoré fyzické sedadlo v sále (CinemaHallSeat) zodpovedá konkrétnemu sedadlu v predstavení (ShowSeat). Bez tejto väzby systém nedokáže zabezpečiť, že sa rezervuje skutočne existujúce miesto. Interface je síce použitý cez use vzťahy, ale je realizovaný prázdnou triedou Catalog. Chýba teda trieda, ktorá by túto funkcionalitu reálne poskytla (napr. SearchService alebo CatalogHandler), čím sa rozhranie stáva v podstate nefunkčným.;5;Fx;4;D;/images/E0A1/290149_usecase.png;7;E;8;D;D;/images/E0A2/290149_activity.png;6;Fx;7;E;D;/images/E0A3/290149_class.png;4;Fx;5;Fx;E
27;290150;Ai;C;/images/S0U1/290150_requirements.png;Požiadavky sú logicky členené, formálne správne a obsahovo pokrývajú navrhovaný systém, čo prispieva k prehľadnosti a kvalite návrhu.;10;A;5;C;/images/S0U2/290150_usecase.png;"Návrh nezabezpečuje, aby každý aktér videl len svoje kurzy. Na tento účel je potrebné vytvoriť všeobecnú entitu ""Používateľ"", ktorej priradíte prípady použitia spoločné pre všetkých aktérov (napríklad ""prehliadať kurzy"", ""prihlásiť sa na kurz"" atď.). Ostatní aktéri (študent, učiteľ, manažér) by následne dedili funkcionalitu od tejto entity.";9;B;5;C;/images/S0U3/290150_activity.png;Diagram aktivít je spracovaný veľmi dobre, vytvorený na základe scenárov. Na skúške však bude potrebné celý diagram vytvoriť manuálne a zároveň využiť všetky požadované prvky UML, ktoré boli preberané na prednáškach. Súčasné riešenie je výborné ako základ, ale pre skúškové hodnotenie sa očakáva komplexné spracovanie vrátane pokročilých prvkov, ako sú rozhodovacie uzly, merge nodes, swimlanes a paralelné toky, aby bol model úplný a metodologicky správny. A pokojne aj prvky ako tokeny, aby ste jasne zachytili riadenie toku v procese.;10;A;5;C;/images/S0U4/290150_class.png;Návrh diagramu parkovacieho systému obsahuje viacero nedostatkov, ktoré oslabujú jeho konzistenciu, zrozumiteľnosť aj praktickú využiteľnosť. V prvom rade, trieda Address má nesprávne definované dátové typy – všetky atribúty sú typu int, hoci názvy ako city, street, či region evidentne vyžadujú reťazce (string). Takýto návrh je v praxi nepoužiteľný a naznačuje nepozornosť pri výbere základných typov. Ďalším vážnym problémom je vzťah medzi entitami Person a Vehicle, ktorý je modelovaný ako 1:1. Tento vzťah je nereálny – bežný používateľ môže vlastniť viacero vozidiel, preto by mal byť tento vzťah jednoznačne 1:N. Podobne, aj väzba medzi Vehicle a ParkingTicket je navrhnutá ako 1:1, čo nezodpovedá skutočnosti. Každý vstup do parkovacieho systému generuje nový lístok (ticket), takže jedno vozidlo môže mať denne aj desiatky lístkov – návrh preto musí reflektovať vzťah 1:N. Zmysel triedy Notification je v návrhu veľmi nejasný. Systém síce tieto notifikácie vytvára, ale nikde nie je uvedené, kto ich dostáva – chýba väzba na používateľa, administrátora či obsluhu. Navyše, bez konkrétnych triggerov či kontextu pôsobia ako zbytočná komplikácia bez funkčného významu. Rovnako nejasná je aj funkcia tried TicketController a PaymentController. V objektovo-orientovanom návrhu nie je potrebné explicitne vytvárať kontrolné triedy, ak ich zodpovednosti možno priamo integrovať do doménových objektov (napr. ParkingTicket, Payment), čím sa návrh zjednoduší a sprehľadní. Celkovo návrh pôsobí technicky nekonzistentne a v niektorých miestach nelogicky. Odporúčam prehodnotiť väzby, zrušiť zbytočné triedy a zamerať sa na správnu modeláciu skutočných vzťahov medzi entitami.;9;B;5;C;/images/E0A1/290150_usecase.png;10;A;7;E;C;/images/E0A2/290150_activity.png;10;A;8;D;C;/images/E0A3/290150_class.png;7;E;5;Fx;B
28;290151;T;C;/images/S0U1/290151_requirements.png;Riešenie predstavuje dobrý základ. Odporúčam však do budúcna v návrhu pokračovať a dotiahnuť všetkých používateľov, aby systém pokrýval všetky relevantné interakcie. Nie je úplne ideálne mať systém, kde má používateľ len 1-2 požiadavky. Taký systém by pravdepodobne nebol prakticky využiteľný, pretože ak ponúka len minimálne možnosti interakcie, nemalo by ani zmysel k nemu vytvárať dokumentáciu.;10;A;5;C;/images/S0U2/290151_usecase.png;Diagram prípadov použitia je  v aktuálnom návrhu spracovaný správne a hodnotím ho pozitívne.;10;A;5;C;/images/S0U3/290151_activity.png;Oceňujem správne použitie UML symbolov a čisté vizuálne spracovanie. Je vidieť, že ste porozumel štruktúre a princípom aktivity diagramu.;10;A;5;C;/images/S0U4/290151_class.png;Pre väčšiu čitateľnosť a správne typovanie by ste mali zaviesť enumerácie pre opakujúce sa stavy. Zavedenie vlastných dátových typov pre adresu, prípadne pre dátum/čas by pomohlo návrh sprehľadniť a centralizovať štruktúru. Každopádne veľmi dobré riešenie.;10;A;4;C;/images/E0A1/290151_usecase.png;9;B;9;B;C;/images/E0A2/290151_activity.png;9;B;8;D;C;/images/E0A3/290151_class.png;9;B;10;A;B
29;290152;Ai;B;/images/S0U1/290152_requirements.png;Požiadavky sú logicky členené, formálne správne a obsahovo pokrývajú navrhovaný systém, čo prispieva k prehľadnosti a kvalite návrhu.;10;A;5;B;/images/S0U2/290152_usecase.png;"Návrh neobsahuje pasívneho aktéra v podobe ""systému"", ktorý mal byť súčasťou riešenia podľa zadania. Navyše, prípady použitia, ktoré sú aktuálne k tomuto aktérovi priradené, nepredstavujú funkčné požiadavky, ktoré by sa mali v rámci UCD diagramu mapovať. Tieto prípady použitia nie sú činnosťami systému, ale skôr internými procesmi alebo technickými požiadavkami, ktoré nemajú v prípade použitia svoje miesto. Ďalším nedostatkom je, že návrh nezabezpečuje, aby každý aktér videl len svoje kurzy. Na tento účel je potrebné vytvoriť všeobecnú entitu ""Používateľ"", ktorej priradíte prípady použitia spoločné pre všetkých aktérov (napríklad ""prehliadať kurzy"", ""prihlásiť sa na kurz"" atď.). Ostatní aktéri (študent, učiteľ, manažér) by následne dedili funkcionalitu od tejto entity.";10;A;5;B;/images/S0U3/290152_activity.png;Diagram aktivít je jednoduchší ale akceptovateľný. Potom na skúške musíte pre kvalitný a realistický návrh diagram výrazne rozšíriť a zahrnúť ďalšie prvky, ako sú viac rozhodovacích uzlov pre spracovanie rôznych podmienok, merge nodes na správne spájanie rozhodovacích ciest, swimlanes pre rozlíšenie zodpovedností jednotlivých aktérov alebo systémových zložiek, paralelné toky, ak proces umožňuje vykonávanie činností súbežne.;9;B;4;B;/images/S0U4/290152_class.png;"V aktuálnom návrhu je ProductToBuy samostatná trieda, ktorá obsahuje referenciu na product_to_buy_id, pričom Product existuje ako oddelená entita. Z objektovo-orientovaného hľadiska to však nedáva zmysel. Ak ProductToBuy reprezentuje konkrétny produkt vybraný zákazníkom (napr. v objednávke alebo v košíku), tak ide o špecifický prípad Product. ProductToBuy je potomkom (subclass) triedy Product – teda dedí všetky jeho vlastnosti (name, price, image, category_id) a rozširuje ich o count, ktorý vyjadruje množstvo.
Generalizácia ProductToBuy → Product je jednoznačne vhodnejšia. Trieda Page obsahuje iba page_id a metódu filter_items(), ale v celom diagrame nie je jasné čo vlastne táto trieda reprezentuje (je to stránka katalógu? výpis produktov? UI komponent?), Je to skôr technický alebo prezentačný prvok, ktorý v class diagrame – ak má slúžiť na modelovanie logiky systému – nemá čo hľadať. Ak ide o súčasť rozhrania, mala by byť súčasťou GUI vrstvy a nie medzi doménovými triedami.";9;B;5;B;/images/E0A1/290152_usecase.png;8;D;5;Fx;B;/images/E0A2/290152_activity.png;7;E;5;Fx;B;/images/E0A3/290152_class.png;6;Fx;5;Fx;B
30;290153;Ai;A;/images/S0U1/290153_requirements.png;Požiadavky sú jasne štruktúrované, logicky usporiadané a formálne správne formulované. Počet požiadaviek (min. 15) je dodržaný a ich obsah dostatočne pokrýva navrhovaný systém. ;10;A;5;A;/images/S0U2/290153_usecase.png;V aktuálnom návrhu systému sa vyskytujú viaceré závažné nedostatky. V prvom rade, diagram prípadov použitia je nesprávny. V tomto type diagramu sa nemodelujú konkrétne kroky procesov prostredníctvom stereotypov <> a <>, na čo slúži diagram aktivít. Úlohou diagramu prípadov použitia je najmä načrtnúť, ktorá funkcionalita patrí ktorému aktérovi, nie ako sú jednotlivé funkcionality medzi sebou prepojené alebo v akom poradí sa vykonávajú. Návrh obsahuje neprimerane veľké množstvo rozširujúcich vzťahov, ktoré nemajú opodstatnenie a nie sú na tento účel vhodné. Použitie stereotypov extend a include je v návrhu nesprávne a odporúčam si dôkladne doštudovať ich správny význam, vhodné použitie aj grafickú notáciu. Nesprávne použitie týchto vzťahov vnáša do diagramu zbytočný chaos a znižuje jeho prehľadnosť. Ďalším nedostatkom je názov systému, ktorý je príliš všeobecný a neodráža konkrétne navrhovaný systém.;7;E;3;A;/images/S0U3/290153_activity.png;Pokiaľ ide o diagram aktivít, aj tu sa vyskytujú podstatné chyby. Diagram by mal poukazovať na procesné toky a logiku postupnosti operácií v systéme. V aktuálnom návrhu sa však v jednom bode vyskytujú tri podmienky osobitne, čo nedáva zmysel, pretože jednotlivé podmienky (napr. počet študentov, priradený pedagóg a časová podmienka dvoch týždňov) sú navzájom prepojené. Aktuálny návrh nesprávne umožňuje úspešnú registráciu aj v prípade, keď je kurz bez študentov, no s učiteľom, alebo naopak, keď je kurz bez učiteľa, ale so študentmi. Takéto procesné chyby treba odstrániť a diagram upraviť tak, aby logicky zobrazoval, že pre úspešnú registráciu musia byť splnené všetky požadované podmienky súčasne.;7;E ;3;A;/images/S0U4/290153_class.png;Diagram obsahuje viacero prvkov, ktoré na úrovni modelovania tried nemajú opodstatnenie. Triedy ako page, landing_page, search, nav_bar, page_info, article_page alebo section nepredstavujú reálne objekty domény, ale skôr vizuálne alebo technické komponenty používateľského rozhrania (UI). Class diagram sa používa na modelovanie doménovej logiky systému – to znamená, že by mal reprezentovať entity, ktoré existujú v reálnom svete (napr. používateľ, ponuka, nehnuteľnosť), nie štruktúru webovej stránky. Triedy ako page, search či nav_bar by sa mohli prípadne objaviť v návrhu používateľského rozhrania (napr. v wireframe alebo komponentovom diagrame), ale v class diagrame nemajú svoje miesto, pokiaľ nie sú priamo súčasťou biznis logiky. V prípade, že chcete modelovať webový systém, je dôležité oddeliť prezentačnú vrstvu (UI) od modelovej vrstvy (logika a dáta). Odporúčam preto zamerať sa na modelovanie relevantných entít systému – napríklad používateľa, ponuky, článku, administrátora, kontaktu atď. – a určiť medzi nimi zmysluplné vzťahy.;5;Fx;3;A;/images/E0A1/290153_usecase.png;9;B;8;D;A;/images/E0A2/290153_activity.png;8;D;8;D;A;/images/E0A3/290153_class.png;7;E;7;E;B
31;290154;T;A;/images/S0U1/290154_requirements.png;Veľmi pekná práca. Požiadavky máte prehľadne a logicky usporiadané, navyše sú jasne a správne naformulované, čo oceňujem. Splnili ste aj požiadavku na minimálny počet, čo je super, a obsahovo ste pokryli všetky dôležité časti systému. Vidieť, že ste si dali záležať – len tak ďalej.;10;A;5;A;/images/S0U2/290154_usecase.png;V návrhu systému sa vyskytujú viaceré zásadné nedostatky, ktoré je potrebné odstrániť pre zabezpečenie správnosti a úplnosti modelu. V prvom rade, aktéri nie sú správne identifikovaní. Je nevyhnutné, aby návrh dôsledne reflektoval zadanie, a to najmä v prípade aktéra učiteľ. Zo zadania vyplýva, že učitelia si pri výbere kurzu zároveň volia kurz, ktorý chcú vyučovať. Preto je potrebné v diagrame použiť vzťah <>, ktorý by správne modeloval túto neoddeliteľnú činnosť ako súčasť hlavného prípadu použitia. Tento vzťah momentálne v návrhu chýba, čo vedie k nesprávnej interpretácii procesov. Ďalej, v návrhu chýba označenie systému, teda jeho názov. Názov systému je dôležitou súčasťou každej dokumentácie. Okrem toho v návrhu absentuje zobrazenie starého systému, ktorý uchováva informácie o kurzoch. Tento systém by mal byť v diagrame uvedený ako externý aktér alebo systém, ktorý komunikuje s novým systémom. Jeho nezahrnutie spôsobuje, že model nie je úplný a neodzrkadľuje všetky interakcie, ktoré boli definované v zadaní.;9;B;5;A;/images/S0U3/290154_activity.png;Pozitívne hodnotím diagram aktivít, ktorý správne zachytáva logiku procesov v systéme. Diagram je zrozumiteľný, procesné toky nadväzujú logicky a jednotlivé rozhodnutia sú vhodne umiestnené, čo pomáha pochopiť priebeh operácií v systéme. Pre budúce zlepšenie odporúčam zvážiť rozšírenie diagramov o ďalšie prvky, ktoré môžu prispieť k ešte vyššej úrovni prehľadnosti a komplexnosti modelu — napríklad pri diagrame aktivít využitie swimlanes (plavecké dráhy pre aktérov) alebo paralelné toky pre súbežné činnosti. Tieto prvky by mohli ešte lepšie zvýrazniť rozdelenie zodpovedností a paralelizmus procesov.;9;B;5;A;/images/S0U4/290154_class.png;"Zvolený model pre realitný portál má viaceré logické nedostatky, ktoré nezodpovedajú realite fungovania takéhoto systému. Trieda Property je v diagrame univerzálnym kontajnerom, ktorý obsahuje miestnosti (Room) a vybavenie (Amenities), čo nie je vhodné riešenie. V realitnej praxi existuje viacero typov nehnuteľností – napríklad byt, dom, pozemok, obchodný priestor – ktoré sa od seba zásadne líšia. Niektoré z nich majú miestnosti (napr. dom alebo byt), iné však nie (napr. pozemok alebo garáž). Nie je preto správne modelovať Room ako súčasť všeobecnej triedy Property, pretože tým vzniká mylný dojem, že každý typ nehnuteľnosti musí mať miestnosti, čo nie je pravda. Rovnako Amenities sú v diagrame spojené s miestnosťami, pričom v realite sú často súčasťou celej nehnuteľnosti (napr. pripojenie na elektrinu, voda, internet), nie konkrétnej miestnosti. Odporúčam rozlíšiť typy nehnuteľností ako samostatné špecializované triedy (napr. Apartment, House, Land, CommercialProperty), ktoré budú dediť od spoločnej abstraktnej triedy Property. Len tie typy, pre ktoré to dáva zmysel (napr. dom, byt), by mali obsahovať miestnosti alebo vybavenie. Vzťah medzi UserAccount a Property je nesprávne znázornený ako N:M. V skutočnosti si jeden používateľ (napr. kupujúci) môže uložiť alebo sledovať viacero nehnuteľností, ale každá konkrétna nehnuteľnosť nie je súčasne ""vlastnená"" viacerými používateľmi v kontexte realitného portálu. Správnejšie by bolo 1:N alebo modelovať vzťah cez napr. „záujem“ alebo „sledovanie“. Vzťah medzi Property a Notification ako 1:1 nedáva zmysel. Jedna nehnuteľnosť môže generovať viacero notifikácií (napr. o zmene ceny, predaji, skončení aukcie), preto ide jednoznačne o vzťah 1:N (1 nehnuteľnosť → N notifikácií). Vzťah medzi Property a RealitAgent ako N:M je diskutabilný. V praxi má jednu nehnuteľnosť na starosti typicky jeden agent (1:1), alebo prípadne agent môže mať na starosti viacero nehnuteľností (1:N), ale nie je bežné, že by jednu nehnuteľnosť predávalo viacero agentov súčasne. Ak by to tak bolo, treba to jasne zdôvodniť a modelovať ako samostatnú asociačnú triedu. Odporúčam dôkladne premyslieť, aké sú reálne vzťahy medzi entitami v doméne (kto vlastní čo, kto spravuje čo, čo sa môže opakovane vyskytovať), a podľa toho upraviť násobnosti. UML diagram musí vychádzať z reality domény, nie z implementačného pohodlia.";7;E;3;A;/images/E0A1/290154_usecase.png;0;Fx;0;Fx;A;/images/E0A2/290154_activity.png;0;Fx;0;Fx;A;/images/E0A3/290154_class.png;0;Fx;0;Fx;Fx
32;290155;Ai;C;/images/S0U1/290155_requirements.png;Výborný základ. V návrhu ale je potrebné pokračovať a dotiahnuť všetkých používateľov, aby systém pokrýval všetky relevantné interakcie.;10;A;5;C;/images/S0U2/290155_usecase.png;Diagram prípadov použitia je spracovaný správne, avšak hranica systému nie je pomenovaná, čo je formálna chyba. ;10;A;5;C;/images/S0U3/290155_activity.png;Diagram aktivít je veľmi dobre spracovaný. Na skúške sa však bude očakávať, že diagram bude obsahovať nielen základné akcie, ale aj viac rozhodovacích uzlov pre spracovanie rôznych podmienok, merge nodes pre správne spájanie ciest po rozhodnutiach, swimlanes na rozlíšenie zodpovednosti jednotlivých aktérov alebo systémových častí, paralelné toky, ak proces umožňuje vykonávanie činností súbežne, a pokojne aj prvky ako tokeny, aby ste jasne zachytili riadenie toku v procese.;10;A;5;C;/images/S0U4/290155_class.png;Dátový typ Address má nesprávne definované dátové typy – všetky atribúty sú typu int, hoci názvy ako city, street, či region evidentne vyžadujú reťazce (string). Podobné chyby sa vyskytujú aj v ďalších atribútoch napr. phone_number: int atď. Takýto návrh je v praxi nepoužiteľný a naznačuje nepozornosť pri výbere základných typov. Kto v systéme vykonáva platbu? Hoci systém zjavne umožňuje viacero platobných metód (SMS, bankový prevod, hotovosť, karta), nikde nie je uvedené, kto tú platbu vykonáva. Payment nie je nijako prepojená s entitou Person, ktorá by prirodzene mala byť subjektom vykonávajúcim platbu. V dôsledku toho nie je zrejmé, kto za dané vozidlo alebo lístok platí – čo v reálnom systéme predstavuje problém v logike. Ďalej, trieda ParkingSpotType sa javí ako zbytočná medzi-vrstva. Vzhľadom na to, že existujú len tri typy miest (Handicapped, Family, Normal), bolo by oveľa jednoduchšie tieto typy definovať ako enum a priamo ich použiť v triede ParkingSpot cez atribút type. V prípade oddelenia do samostatných tried sa môžu napájať priamo na triedu ParkingSpot. Ďalším problémom je trieda Account, ktorá nemá definované žiadne vlastnosti. Bez atribútov ako napr. email, heslo alebo používateľské meno je táto trieda neúplná a nezmyselná – nemá žiadnu reálnu funkcionalitu. Ak sa Account využíva len ako medziväzba pre autentifikáciu, je potrebné to modelovo vyjadriť a doplniť potrebné údaje.;9;B;5;C;/images/E0A1/290155_usecase.png;7;E;8;D;C;/images/E0A2/290155_activity.png;7;E;7;E;C;/images/E0A3/290155_class.png;7;E;6;Fx;C
33;290156;Ai;C;/images/S0U1/290156_requirements.png;"Čo sa týka požiadaviek, je nevyhnutné ísť viac do hĺbky. Napríklad ""select payment method"" a ""pay by card"" či ""pay by check"" predstavujú tú istú požiadavku, len viac rozšírenú, a preto ich nie je potrebné uvádzať osobitne. Podobne je to pri CRUD operáciách – zvyčajne sa neuvádzajú jednotlivo, ale zahrnieme ich pod ""user management"", kde predpokladáme, že požiadavka obsahuje ""show, update, create a delete user"". Preto je dôležité viac sa zamerať na konkrétne funkcionality, aby návrh pokrýval systém komplexne. Následne môžeme robiť podkategórie a špecifikovať ich detailnejšie, napríklad ""add user"".";9;B;5;C;/images/S0U2/290156_usecase.png;Diagram prípadov použitia je spracovaný správne.;10;A;5;C;/images/S0U3/290156_activity.png;Diagram aktivít je veľmi dobre spracovaný.;10;A;5;C;/images/S0U4/290156_class.png;V UML triednom diagrame, ak používate enum (enumerácie), mali by byť explicitne definované v diagrame ako špeciálne typy („«enumeration»“) - čo máte splnené. Ale potom referencované v konkrétnych atribútoch tried, aby bolo jasné, že premenná môže nadobúdať len obmedzený počet hodnôt.;10;A;5;C;/images/E0A1/290156_usecase.png;7;E;5;Fx;C;/images/E0A2/290156_activity.png;7;E;7;E;C;/images/E0A3/290156_class.png;5;Fx;6;Fx;C
34;290157;Ai;C;/images/S0U1/290157_requirements.png;Veľmi dobrý základ. V návrhu pokračovať a dotiahnuť všetkých používateľov, aby systém pokrýval všetky relevantné interakcie. Nie je úplne ideálne aby mali používatelia len dve požiadavky – ak by ste mali systém, v ktorom sa dajú robiť iba dve veci, pravdepodobne by ste ho nepoužívali. Je nevyhnutné pokryť všetky kľúčové funkcionality, aby systém bol skutočne použiteľný.;9;B;4;C;/images/S0U2/290157_usecase.png;"Diagram prípadov použitia je spracovaný správne, avšak hranica systému by mohla niesť konkrétnejší názov nie len ""Kurz"".";9;B;4;C;/images/S0U3/290157_activity.png;Diagram aktivít je dobre spracovaný. Na skúške sa však bude očakávať, že diagram bude obsahovať nielen základné akcie, ale aj viac rozhodovacích uzlov pre spracovanie rôznych podmienok, merge nodes pre správne spájanie ciest po rozhodnutiach, swimlanes na rozlíšenie zodpovednosti jednotlivých aktérov alebo systémových častí, paralelné toky, ak proces umožňuje vykonávanie činností súbežne, a pokojne aj prvky ako tokeny, aby ste jasne zachytili riadenie toku v procese.;9;B;4;C;/images/S0U4/290157_class.png;Návrh obsahuje viaceré koncepty správne pochopené, no súčasne trpí nedostatkami v dátových typoch, chýbajúcich väzbách a nejednotnom pomenovávaní, čo znižuje jeho použiteľnosť a zrozumiteľnosť. V prvom rade sú dátové typy niektorých atribútov nesprávne – napríklad username a password v triede Account sú definované ako int, čo je zjavne nesprávne. Ide o reťazcové údaje, ktoré by mali byť typu String. Ďalej, medzi triedami Account a Vozidlo chýba násobnosť. Bez nej nie je možné určiť, či jeden účet môže mať viacero vozidiel, čo je v reálnom scenári bežné. Vhodné by bolo explicitne uviesť, že Account má vzťah 1:N k Vozidlo. Triedy Vozidlo a ParkovacieMiesto by taktiež mali byť prepojené, keďže vozidlo reálne obsadzuje konkrétne miesto na parkovisku. Bez tohto prepojenia systém nevie, koľko parkovacích miest je voľných prípadne obsadených. Ďalším problémom je chýbajúce prepojenie medzi Platba a Account (alebo Person). Momentálne nevieme určiť, kto platbu vykonal, čo je kritická informácia v každom platobnom systéme. Trieda ParkingRate je zrejme nadbytočná – obsahuje len jeden atribút a nemá žiadne väzby okrem spojenia s Parkovisko. Tento atribút by bol efektívnejšie spravovaný priamo v triede Parkovisko ako vlastnosť (napr. ratePerHour: float). Napokon, v návrhu chýba konzistentnosť v pomenovávaní tried – niektoré sú v slovenčine (Parkovisko, Platba), iné v angličtine (Account, Address). Odporúča sa použiť jeden jazyk naprieč celým modelom, ideálne angličtinu, ak je cieľom širšia použiteľnosť alebo integrácia so softvérovými nástrojmi.;7;E;4;C;/images/E0A1/290157_usecase.png;7;E;6;Fx;C;/images/E0A2/290157_activity.png;4;Fx;5;Fx;C;/images/E0A3/290157_class.png;6;Fx;5;Fx;C
35;290158;Ai;A;/images/S0U1/290158_requirements.png;Požiadavky sú jasne štruktúrované, logicky usporiadané a formálne správne formulované. Počet požiadaviek (min. 15) je dodržaný a ich obsah dostatočne pokrýva navrhovaný systém.;10;A ;5;A;/images/S0U2/290158_usecase.png;"V návrhu systému sa vyskytujú viaceré zásadné nedostatky, ktoré výrazne znižujú jeho kvalitu a zrozumiteľnosť. Veľké množstvo definovaných prípadov použitia je nesprávnych alebo nevhodne zvolených. Napríklad: ""Počas prvých dvoch týždňov"" je podmienka, nie funkcionalita systému, a preto nepatrí ako samostatný prípad použitia. ""Prehliadať kurz online formou"" je nadbytočné, keďže celý systém je online — takáto formulácia nedáva pridanú hodnotu. Pristupovať do starej databázy"" nie je prípustný prípad použitia. Táto informácia mala len naznačiť existenciu pasívneho aktéra ""Starý systém"", ktorý poskytuje údaje o kurzoch, nie ako samostatnú funkcionalitu. Okrem obsahových nedostatkov je potrebné výrazne zlepšiť formálnu stránku prípadu použitia. Odporúča sa zapisovať prípady použitia stručne, jasne a vo forme jednoduchých a výstižných názvov akcií.";6;Fx;5;A;/images/S0U3/290158_activity.png;"Diagram aktivít tiež obsahuje viacero nedostatkov: Rozhodovacie uzly nie sú popísané, čo znižuje zrozumiteľnosť diagramu. Každý rozhodovací uzol by mal byť jasne popísaný a mal by mať minimálne dve vetvy (""áno"" / ""nie""). Niektoré akcie nemajú ukončenie — napríklad ""študent sa rozhodne neprihlásiť"" je slepý proces, ktorý nikam nesmeruje. Každá akcia musí mať svoj výstup a logické ukončenie v procese. Názvy procesov sú nevhodné a nepresné, odporúčam používať konzistentnú a výstižnú terminológiu. Chýbajú kľúčové podmienky, ktoré vyplývajú zo zadania: kontrola minimálneho počtu študentov v kurze, kontrola termínu (či uplynuli prvé dva týždne), aj priradenie pedagóga ku kurzu.";7;E;5;A;/images/S0U4/290158_class.png;Pri vzťahoch nemôžu úplne chýbať násobnosti. Bez toho nie je možné určiť, koľko inštancií objektov môže byť naviazaných. CinemaHallSeat definuje fyzické sedadlo v sále (napr. rad A, sedadlo 7). ShowSeat reprezentuje rezervovateľný stav tohto sedadla pre konkrétnu predstavenie (Show). Čiže ShowSeat by mal mať odkaz na konkrétne CinemaHallSeat. Momentálne Booking patrí pod Person, ale nie každá osoba robí rezervácie – to robí konkrétne Customer. Takže prepojenie by nemalo byť riešené cez nadtriedu Person, ktorá zahŕňa aj Admin a Employee. Aktuálne je Payment úplne oddelený od Booking – čo nedáva zmysel. Platba sa vždy viaže na konkrétnu rezerváciu (Booking). Class diagramy nemajú slúžiť len ako dátový model (atribúty), ale najmä ako model správania objektov (metódy). V tomto návrhu je tých operácií v rámci tried zohľadnených naozaj príliš málo.;6;Fx;5;A;/images/E0A1/290158_usecase.png;6;Fx;7;E;A;/images/E0A2/290158_activity.png;7;E;8;D;A;/images/E0A3/290158_class.png;6;Fx;6;Fx;D
36;290159;Ai;D;/images/S0U1/290159_requirements.png;Riešenie predstavuje veľmi dobrý základ. Odporúčam však do budúcna v návrhu pokračovať a dotiahnuť všetkých používateľov, aby systém pokrýval všetky relevantné interakcie. Nie je úplne ideálne mať systém, kde má používateľ len 2-3 požiadavky. Taký systém by pravdepodobne nebol prakticky využiteľný, pretože ak ponúka len minimálne možnosti interakcie, nemalo by ani zmysel k nemu vytvárať dokumentáciu.;10;A;4;D;/images/S0U2/290159_usecase.png;V Use Case diagrame je zobrazená abstrakcia, no vzhľadom na zadanie sa malo pravdepodobne modelovať zovšeobecnenie (generalizácia) medzi aktérmi.;10;A;3;D;/images/S0U3/290159_activity.png;V diagrame aktivít sú použité len základné prvky ako akcie, rozhodovacie uzly a tok kontroly, avšak na skúške sa očakáva použitie aj pokročilejších prvkov. Medzi ne patria napríklad paralelné vetvenie a synchronizácia (fork/join), objektové uzly, signály, výnimky (exception handlers) alebo časové podmienky (time events). Navyše, tri rozhodovacie uzly v diagrame nepôsobia opodstatnene – ich využitie by malo byť jasne motivované konkrétnou logikou procesu.;9;B;3;D;/images/S0U4/290159_class.png;rieda Account vytvára Booking, no všetky osoby, ktoré súvisia s účtom (cez Person), sú výhradne Admin, FrontDeskOfficer a Cinemamanager. Takže ste navrhli systém, ktorý je určený iba pre interné účely kina a rezervácie môžu vykonávať len jeho zamestnanci. To je, samozrejme, v rozpore s tým, ako by rezervačný systém pre kino mal fungovať – teda ako zákaznícka aplikácia pre bežných smrteľníkov.;9;B;4;D;/images/E0A1/290159_usecase.png;9;B;10;A;D;/images/E0A2/290159_activity.png;8;D;8;D;D;/images/E0A3/290159_class.png;7;E;8;D;B
37;290160;T;D;/images/S0U1/290160_requirements.png;Riešenie predstavuje dobrý základ, na ktorom sa dá ďalej stavať. Odporúčam však v návrhu pokračovať a dotiahnuť všetkých používateľov systému, aby návrh pokrýval všetky relevantné interakcie a zohľadnil pohľad každej zainteresovanej strany. Je dôležité, aby bol dodržaný požadovaný rozsah a aby sa požiadavky neopakovali. Namiesto toho sa treba snažiť definovať jedinečné funkcionality pre každého používateľa, ktoré budú jasne vyjadrovať jeho rolu a možnosti v systéme.;8;D;3;D;/images/S0U2/290160_usecase.png;"Pri diagrame prípadov použitia konkrétne správe osobného účtu – nie je vhodné používať include medzi ""spravovať účet"" a ""spravovať osobné údaje""/""prehliadať históriu objednávok"", keďže tieto činnosti nie sú vždy nevyhnutnou súčasťou hlavného prípadu použitia. Navyše, ""spravovať osobné údaje"" je z hľadiska významu prakticky to isté ako ""spravovať účet"", preto by bolo vhodné tieto prípady zlúčiť alebo ich jasnejšie významovo oddeliť. Podobne aj v prípade ""zobraziť dostupnú ponuku jedák"" a ""vyhľadať v ponuke"", ako zákazník nie ste nútená v rámci aplikácie vyhľadávať. Vzťah include medzi ""odoslať upozornenie o potvrdení objednávky"" a dôvodmi ako ""potvrdenie objednávky"" alebo ""predpokladaný čas"" nie je vhodný – ide totiž o dôvody, pre ktoré sa upozornenia posielajú, nie o voliteľné rozšírenia prípadu použitia. V tomto prípade je správnejším riešením generalizácia.";7;E;4;D;/images/S0U3/290160_activity.png;Čo sa týka diagramu aktivít, ten je spracovaný správne, no obsahuje iba základné prvky – akcie, rozhodovacie uzly a signály. ;8;D;3;D;/images/S0U4/290160_class.png;Trieda Booking nie je naviazaná na žiadnu triedu Show alebo ShowSeat, čo sú typické objekty, ktoré by sa v rámci kinorezervácie mali rezervovať. To znamená, že rezervácia neobsahuje informáciu o tom, čo sa rezervuje – žiadne premietanie, žiadne sedadlo. Payment je naviazaný na Booking, takže platba má referenčný bod – ale chýba napojenie na Customer, takže nevieme, kto platbu uskutočnil. ShowSeat by mal dediť CinemaHallSeat, keďže ide o konkrétnu inštanciu miesta v rámci konkrétneho premietania. Aktuálne prepojenie cez has nedáva štrukturálny zmysel. Interface označený ako Guest je nesprávne. Interface je zvyčajne skupina operácií, ktoré sú implementované inými triedami, nie entita ako Guest. Navyše nie je nikto, kto by tento interface realizoval (realize vzťah chýba). Trieda Person nemôže byť cez asociáciu napojená na interface. Viaceré asociácie medzi triedami neobsahujú násobnosti (napr. Movie a Show, Booking a Payment), alebo sú nesprávne (Customer → Booking 1..* vs 0..*).;3;Fx;3;D;/images/E0A1/290160_usecase.png;8;D;8;D;D;/images/E0A2/290160_activity.png;7;E;6;Fx;D;/images/E0A3/290160_class.png;7;E;6;Fx;E
38;290161;T;C;/images/S0U1/290161_requirements.png;Funkčné požiadavky sú inými slovami aj funkcionality systému, teda ide o konkrétne činnosti, ktoré má programátor naprogramovať. Možnosť platiť u recepčného alebo ubytovanie sa na mieste nepredstavuje funkcionalitu systému, ale skôr proces, ktorý prebieha mimo softvéru. Odporúčam si na to dávať pozor, aby funkčné požiadavky správne reflektovali to, čo má byť v systéme implementované. Vaše riešenie je akceptovateľné, ale na skúške bude potrebné lepšie logicky prepojiť zainteresované strany a zároveň dbať na formálnu úpravu požiadaviek. Pod logickou nadväznosťou myslím to, že ak napríklad hosť môže platiť kreditnou kartou, tak niekto musí mať v systéme možnosť vidieť prehľad platieb, spravovať ich alebo generovať reporty. Takéto prepojenia sú dôležité na to, aby bol návrh kompletný a systém plne funkčný.;9;B;3;C;/images/S0U2/290161_usecase.png;"Návrh nezabezpečuje, aby každý aktér videl len svoje kurzy. Na tento účel je potrebné vytvoriť všeobecnú entitu ""Používateľ"", ktorej priradíte prípady použitia spoločné pre všetkých aktérov (napríklad ""prehliadať kurzy"", ""prihlásiť sa na kurz"" atď.). Ostatní aktéri (študent, učiteľ, manažér) by následne dedili funkcionalitu od tejto entity. Učiteľ v žiadnom prípade nemôže dediť funkcionalitu študenta. Tieto role sú jasne odlišné — učiteľ neplní úlohy študenta, ako je odovzdávanie úloh a rôzne iné. Použitie generalizácie medzi týmito dvoma aktérmi je metodologicky nesprávne. Zo zadania jasne vyplývalo, že pri každom vytvorení kurzu sa musí priradiť administrátor, preto je nevyhnutné použiť stereotyp include, ktorý túto povinnú závislosť medzi prípadmi použitia správne vyjadrí. Použitie len asociácií by bolo prípustné v prípade, že požiadavky nie sú striktne definované a systém by bol čisto na Vás. V tomto prípade však musíte vychádzať zo zadania, ktoré jasne definuje požiadavky systému.";6;Fx;2;C;/images/S0U3/290161_activity.png;Diagram aktivít pripomína skôr stavový diagram svojou jednoduchosťou a 1 rozhodovacím uzlom. Návrh takto nepokrýva potrebnú procesnú logiku, ktorá by mala reflektovať reálne procesy systému vrátane podmienok a výstupov.;4;Fx;2;C;/images/S0U4/290161_class.png;Nesprávne dátové typy name: int, post_code: int, address: string, vehicle: string, status: bool, ticket: int, paid: bool. Napr. name a address by mali byť string, ale napr. status by mal byť výčtový typ (enum) a nie boolean, ak má viac ako 2 možné stavy (napr. issued, paid, lost). Takmer žiadne asociácie nemajú vyznačené násobnosti – bez toho nevieme  koľko vozidiel môže mať zákazník, či jeden lístok patrí viacerým autám (čo nemá), či jedno parkovacie miesto môže byť obsadené viacerými vozidlami (čo je nesprávne). Trieda payment je len napojená na vehicle, ale chýba prepojenie na lístok. Customer má pripojený name: int – nesprávny typ a chýba vzťah k účtu alebo osobe. Administrator a account sú oddelené – v takomto návrhu by mal administrator dediť z account.;4;Fx;3;C;/images/E0A1/290161_usecase.png;9;B;7;E;C;/images/E0A2/290161_activity.png;6;Fx;5;Fx;C;/images/E0A3/290161_class.png;6;Fx;3;Fx;E
39;290162;Ai;A;/images/S0U1/290162_requirements.png;Požiadavky sú jasne štruktúrované, logicky usporiadané a formálne správne formulované. Počet požiadaviek (min. 15) je dodržaný a ich obsah dostatočne pokrýva navrhovaný systém.;10;A;5;A;/images/S0U2/290162_usecase.png;Use case diagram je vizuálne neprehľadný – prvky sú chaoticky rozmiestnené, chýba logické usporiadanie aktérov a prípadov použitia. Pre čitateľa je náročné sa v diagrame orientovať, čo znižuje jeho výpovednú hodnotu.;3;Fx;3;A;/images/S0U3/290162_activity.png;Diagram je ťažko čitateľný pre externého používateľa – chýbajú popisy, usporiadanie je neprehľadné a nie je jasné, kde proces začína a končí.;3;Fx;1;A;/images/S0U4/290162_class.png;Medzi triedami nie sú uvedené žiadne násobnosti (1, 0..1, 1..*, atď.). Bez týchto údajov nie je možné pochopiť, ako entity spolu súvisia, čo je pritom kľúčový prvok v class diagrame. Prakticky všetky atribúty majú nesprávny dátový typ. Polia ako firstname, lastname, adress, email či telephone_number určite nemajú byť typu int, ale string. Rovnako aj polia ako description či title v notifikáciách by mali byť textové, nie číselné. Vztah 1..0 je neplatný. Takáto násobnosť neexistuje v štandarde UML. Namiesto toho treba používať 0..1, 1..1, 0..*, alebo 1..* podľa potreby. Typy notifikácií ako SMS, email, Telephone call sú v diagrame zobrazené nesprávne. Správne by mali byť modelované ako podtriedy spoločnej triedy Notification prostredníctvom generalizácie (dedičstva). Trieda Catalog je označená ako rozhranie, no nikde nevidno, že by obsahovala skutočné metódy (napr. filter(), search(), sort() by mali byť metódy, nie atribúty). Navyše, rozhrania sa v class diagrame používajú najmä na modelovanie zdieľaného správania (napr. v polymorfizme), nie ako bežné dátové kontajnery. Diagram neobsahuje metódy, čím diagram nespĺňa základný cieľ class diagramu – modelovanie správania a dátových štruktúr. Bez operácií sa jedná o doménový model.;0;Fx;5;A;/images/E0A1/290162_usecase.png;0;Fx;0;Fx;A;/images/E0A2/290162_activity.png;0;Fx;0;Fx;A;/images/E0A3/290162_class.png;0;Fx;0;Fx;Fx
40;290163;T;C;/images/S0U1/290163_requirements.png;Riešenie predstavuje výborný základ. Odporúčam však do budúcna v návrhu pokračovať a dotiahnuť všetkých používateľov, aby systém pokrýval všetky relevantné interakcie.;10;A;4;C;/images/S0U2/290163_usecase.png;Hranica systému musí niesť konkrétny názov modelovaného systému, nie všeobecné označenie ako „System“. Takéto formálne nedostatky môžu na skúške stáť body, preto si na to prosím dávajte pozor. Použitie <> s textom „overovať iba domáce úlohy, ktoré spravili jeho študenti“ je v tomto prípade nesprávne. Toto nie je rozširujúca funkcionalita, ktorá by si vyžadovala vzťah include. Ide o podmienku alebo obmedzenie, ktoré je zabezpečené už samotnou štruktúrou modelu — práve cez všeobecnú entitu „Používateľ“, od ktorej dedí aj učiteľ. Táto podmienka je teda riešená na úrovni naviazania aktéra na jeho vlastné dáta a nie prostredníctvom vzťahu medzi prípadmi použitia. Vzťah <> sa používa vtedy, keď ide o opakovane sa vyskytujúcu a povinnú časť procesu, ktorú je potrebné zakaždým vykonať pri nadradenom prípade použitia. V tomto prípade však nejde o samostatný proces, ale o pravidlo, ktoré je už implicitne pokryté návrhom modelu.;10;A;5;C;/images/S0U3/290163_activity.png;Musím pochváliť — diagram aktivít je spracovaný veľmi dobre, naozaj špičkovo vytvorený na základe scenárov, a je vidieť, že tomu rozumiete. Na skúške však bude potrebné celý diagram vytvoriť manuálne a zároveň využiť všetky požadované prvky UML.;10;A;5;C;/images/S0U4/290163_class.png;Data nie je platný dátový typ (správne je date). Vehicle: char – odkaz na vozidlo by mal byť referenčný typ, nie char. Assign_ticket je zvláštna samostatná trieda, pritom má ísť len o akciu medzi Vehicle a ParkingTicket – mohla by byť riešená asociáciou alebo metódou, nie vlastnou triedou. Parking a ParkingTicket sú prepojené, ale nejasne. Parking pôsobí ako ďalší duplikát informácií z ParkingTicket. Triedy Car, Motorbike, ElectricCar majú len atribút VehicleType – to nemá význam, ak už typ vieme určiť z nadradenej triedy Vehicle. Ak sú tieto triedy zbytočné, stačilo by mať Vehicle s typom ako enum VehicleType.;8;D;4;C;/images/E0A1/290163_usecase.png;7;E;9;B;C;/images/E0A2/290163_activity.png;0;Fx;0;Fx;C;/images/E0A3/290163_class.png;4;Fx;3;Fx;D
41;290164;Ai;C;/images/S0U1/290164_requirements.png;Požiadavky sú logicky členené, formálne správne a obsahovo pokrývajú navrhovaný systém, čo prispieva k prehľadnosti a kvalite návrhu.;10;A;5;C;/images/S0U2/290164_usecase.png;Všetci aktívni aktéri musia byť umiestnení na ľavej strane hranice systému, nie len časť z nich. Hranica systému musí niesť svoje označenie, ktoré v aktuálnom návrhu úplne absentuje. Navyše, zadanie určovalo, že manažér je zároveň aj učiteľ, a táto skutočnosť v návrhu vôbec nie je zohľadnená, čo je metodologická chyba.;8;D;5;C;/images/S0U3/290164_activity.png;Diagram aktivít je v poriadku ale diagram aktivít by sa dal výrazne rozšíriť a zahrnúť doň ďalšie prvky, ako sú viac rozhodovacích uzlov pre spracovanie rôznych podmienok, merge nodes na správne spájanie rozhodovacích ciest, swimlanes pre rozlíšenie zodpovedností jednotlivých aktérov alebo systémových zložiek, paralelné toky, ak proces umožňuje vykonávanie činností súbežne.;8;D;5;C;/images/S0U4/290164_class.png;Dátové typy sú takmer všade nesprávne firstname, lastname, email – nesmú byť int, ale string. age – je správne ako int, ale vo viacerých triedach je použitý zbytočne. V ParkingTicket: ticket_number je int, ale vehicle je string, čo je zlé – má byť referenčný typ (napr. Vehicle). Vehicle: ticket: bool – sem boolean nepatrí, má to byť vzťah na ParkingTicket. Chýba trieda medzičlánku, napr. Ownership, ktorá by definovala vlastnícky vzťah medzi Person a Vehicle. Zlá hierarchia – Account by mal byť rodičom, nie potomkom Person. Navyše Account má tie isté údaje ako Person – duplicita dát. Zbytočné triedy: Car, Motorbike, ElectricCar. Všetky len duplikujú atribút VehicleType. Ak SpecialSpot, ElectricSpot, LargeSpot atď. nič neobsahujú navyše, majú byť typy (napr. pomocou enum SpotType), nie samostatné triedy. Chýbajú násobnosti v niektorých dôležitých vzťahoch napr. medzi Person a Vehicle, medzi Vehicle a ParkingTicket by mala byť násobnosť 1:N (jedna osoba môže mať viac vozidiel, jedno vozidlo môže mať viac lístkov).;7;E;5;C;/images/E0A1/290164_usecase.png;6;E;7;E;C;/images/E0A2/290164_activity.png;5;Fx;6;Fx;C;/images/E0A3/290164_class.png;4;Fx;5;Fx;E
42;290165;T;B;/images/S0U1/290165_requirements.png;Nefunkčné požiadavky sú veľmi dobre vypracované. Pri funkčných požiadavkách by som však odporučila sa viac zamerať na špecifické funkcionality redakčného systému, namiesto prílišného sústredenia sa na športovú doménu. Tiež je potrebné dbať na to, aby sa funkčné požiadavky zbytočne neopakovali. Ďalej by bolo vhodné ísť viac do hĺbky a pokryť aj kľúčové funkcionality, bez ktorých by systém nebol plne funkčný. Napríklad tri požiadavky týkajúce sa obľúbených hráčov, tímov, zápasov sú skôr minoritné, a hoci sú užitočné, systém by bez nich mohol fungovať bez problémov. Medzitým chýbajú funkcionality, ktoré sú pre komplexnosť systému nevyhnutné.;7;E;5;B;/images/S0U2/290165_usecase.png;"Návrh nezabezpečuje, aby každý aktér videl len svoje kurzy. Na tento účel je potrebné vytvoriť všeobecnú entitu ""Používateľ"", ktorej priradíte prípady použitia spoločné pre všetkých aktérov (napríklad ""prehliadať kurzy"", ""prihlásiť sa na kurz"" atď.). Ostatní aktéri (študent, učiteľ, manažér) by následne dedili funkcionalitu od tejto entity. Chýba hranica systému, jej označenie. Navyše, zadanie určovalo, že manažér je zároveň aj učiteľ, a táto skutočnosť v návrhu vôbec nie je zohľadnená, čo je metodologická chyba. Návrh neobsahuje pasívneho aktéra v podobe ""systému"", ktorý mal byť súčasťou riešenia podľa zadania. prípady použitia, ktoré sú aktuálne k tomuto aktérovi priradené, buď nepredstavujú funkčné požiadavky, ktoré by sa mali v rámci UCD diagramu mapovať alebo mali byť v rámci systému priradené inými aktérovi. Diagram prípadov použitia bohužiaľ nie je možné akceptovať v takejto podobe.";4;Fx;5;B;/images/S0U3/290165_activity.png;Diagram aktivít obsahuje len základné prvky. Na skúške bude potrebné pre dosiahnutie realistického návrhu, prvky výrazne rozšíriť a zahrnúť ďalšie ako viac rozhodovacích uzlov pre spracovanie rôznych podmienok, merge nodes na správne spájanie rozhodovacích ciest, swimlanes pre rozlíšenie zodpovedností jednotlivých aktérov alebo systémových zložiek, paralelné toky, ak proces umožňuje vykonávanie činností súbežne.;7;E;5;B;/images/S0U4/290165_class.png;Class diagram síce obsahuje viacero potrebných tried a pokúša sa modelovať základné časti systému, ako sú produkty, objednávky, používateľské účty či recenzie, ale ich vzájomné väzby sú buď úplne chýbajúce, alebo nesprávne navrhnuté, čo robí návrh v aktuálnej podobe nefunkčným. Napríklad trieda Order vôbec nie je prepojená s triedou Product, čo znamená, že v objednávke neexistuje žiadny mechanizmus, ako evidovať, ktoré produkty boli zakúpené. To je zásadná chyba – objednávka bez produktov nedáva žiadny zmysel. Ďalej, Product je naviazaný iba na Admin, čo implicitne predpokladá, že produkty do systému pridáva len administrátor. To je síce v poriadku, ale bez väzby na Order sú tieto produkty „neaktívne“ – nikto ich nemôže kúpiť. Podobne je v návrhu chaos aj v oblasti Post, Comment a Review. Comment je prepojený iba s Post, ale nie je zrejmé, čo vlastne Post reprezentuje – či ide o recenziu, verejný príspevok, alebo správu. Interface je v diagrame uvedený ako izolovaný prvok, ktorý sa neprirodzene viaže na Status1 a Status, čo je úplne nelogické – enumerácie nemajú žiadnu realizáciu a určite neimplementujú funkcie. Mohli ste použiť triedu Product ako základ a zoskupiť ich do niečoho ako CatalogProduct, ktorý by sa následne mohol realizovať ako ProductInterface, ktorý by používali Customer, Guest aj Admin.;7;E;4;B;/images/E0A1/290165_usecase.png;8;D;4;Fx;B;/images/E0A2/290165_activity.png;6;Fx;5;Fx;B;/images/E0A3/290165_class.png;5;Fx;4;Fx;D
43;290166;Ai;C;/images/S0U1/290166_requirements.png;"Požiadavky sú logicky členené, formálne na veľmi dobrej úrovni a obsahovo pokrývajú navrhovaný systém, čo prispieva k prehľadnosti a kvalite návrhu. Poprosím dávať si nabudúce pozor a požiadavky definovať ako ""requirements"" a nie ako ""class"".";10;A;5;C;/images/S0U2/290166_usecase.png;"Návrh nezabezpečuje, aby každý aktér videl len svoje kurzy. Na tento účel je potrebné vytvoriť všeobecnú entitu ""Používateľ"", ktorej priradíte prípady použitia spoločné pre všetkých aktérov (napríklad ""prehliadať kurzy"", ""prihlásiť sa na kurz"" atď.). Ostatní aktéri (študent, učiteľ, manažér) by následne dedili funkcionalitu od tejto entity. Hranica systému musí byť vždy pomenovaná konkrétnym názvom modelovaného systému (napr. ""Systém správy kurzov""), nie je možné ju ponechať bez názvu. include používame pre povinné, opakovane používané procesy, ktoré sú vždy súčasťou nadradeného prípadu použitia. Váš diagram však stereotypy include použil na akcie, ktoré majú byť samostatné, nie sú podmienenou súčasťou nadradeného prípadu.Navyše, smerovanie šípok pri include je nesprávne. Správne musí ísť od nadradeného prípadu použitia smerom k zahrnutému. Spôsob akým ste namodelovali pasívneho aktéra ""systém"" je nesprávny a aj zbytočný. Zo zadania tento aktér nevyplýval a má nesprávnu grafickú notáciu.";5;Fx;3;C;/images/S0U3/290166_activity.png;Diagram aktivít obsahuje len akcie a jedno rozhodnutie, čo ani zďaleka nezodpovedá komplexnému návrhu systému. Návrh takto nepokrýva potrebnú procesnú logiku, ktorá by mala reflektovať reálne procesy systému vrátane podmienok a výstupov. Pre kvalitný a realistický návrh je potrebné diagram výrazne rozšíriť a zahrnúť ďalšie prvky, ako sú viac rozhodovacích uzlov pre spracovanie rôznych podmienok, merge nodes na správne spájanie rozhodovacích ciest, swimlanes pre rozlíšenie zodpovedností jednotlivých aktérov alebo systémových zložiek, paralelné toky, ak proces umožňuje vykonávanie činností súbežne, a pokojne aj prvky ako tokeny, aby ste jasne zachytili riadenie toku v procese.;4;Fx;3;C;/images/S0U4/290166_class.png;Diagram síce obsahuje základné prvky, ale pôsobí neúplne. Chýbajú napríklad zreteľné rozdelenia zodpovedností alebo väzby medzi dôležitými komponentmi systému.;5;Fx;3;C;/images/E0A1/290166_usecase.png;9;B;6;Fx;C;/images/E0A2/290166_activity.png;9;B;8;D;C;/images/E0A3/290166_class.png;9;B;9;B;B
44;290167;T;D;/images/S0U1/290167_requirements.png;Vaše riešenie je veľmi pekne spracované a oceňujem, že ste ako jediný správne pochopili tému. Požiadavky sú jasne štruktúrované, logicky usporiadané a formálne správne formulované, čo prispieva k prehľadnosti a kvalite návrhu. Počet požiadaviek (min. 15) bol splnený a obsah veľmi dobre pokrýva navrhovaný systém.;10;A;5;D;/images/S0U2/290167_usecase.png;„Posielať notifikácie“ ako include do iných prípadov použitia nie je vhodné. Posielanie upozornení je systémová reakcia, nie povinná časť. Ak chcel diagram rozlišovať typy notifikácií, lepšie by bolo použiť generalizáciu, nie include.;8;D;4;D;/images/S0U3/290167_activity.png;Diagram aktivít pôsobí veľmi jednoducho – obsahuje iba jeden rozhodovací uzol, a celkovo viac pripomína stavový diagram než modelovanie činností. Chýbajú v ňom prvky, ktoré by zvýšili výpovednú hodnotu: napríklad paralelné toky (fork/join), objekty, guard conditions, alebo iné.;7;E;4;D;/images/S0U4/290167_class.png;"Trieda Booking je napojená na Film, to v praxi znamená, že zákazník si bookuje samotný film (jeho názov, dĺžku, rating), a nie konkrétne premietanie (čas, sála, miesto). Trieda Payment je spojená s Customer, no chýba prepojenie na Booking, takže neexistuje žiadny spôsob, ako zistiť, za čo konkrétne bola platba realizovaná. Trieda ShowSeat by mala dediť z CinemaHallSeat alebo na ňu odkazovať, pretože sedadlo je počas konkrétnej show dočasne „obsadené“ alebo „rezervované“. Trieda ticket je úplne zbytočná resp. redundantná, je to len výsledok rezervácie ale všetky potrebné informácie mi už ukladá rezervácia a tá sa potom na konci procesu ako zhrnutie poskytne používateľovi len sa to už nevolá ""zhrnutie objednávky"" ale ""listok"". Ešte som nevidela systém v ktorom si s rezerváciou filmu v kine zarezervujete aj miesto na parkovanie. ";7;E;5;D;/images/E0A1/290167_usecase.png;9;B;10;A;D;/images/E0A2/290167_activity.png;7;E;7;E;D;/images/E0A3/290167_class.png;8;D;9;B;C
45;290168;T;D;/images/S0U1/290168_requirements.png;"Vaše aktuálne riešenie nie je dostatočne vypracované. Požiadavky bohužiaľ nepokrývajú systém v potrebnom rozsahu, a nezachytávajú kľúčové funkcionality potrebné pre jeho fungovanie. Zároveň Vás poprosím do budúcna definovať požiadavky správne ako ""requirements"" a nie ako ""class"", aby bola špecifikácia po formálnej stránke v súlade so zadaniami. Z pohľadu každej zainteresovanej strany je nevyhnutné zadefinovať hlavné funkcionality, ktoré od systému očakáva. Len tak je možné vytvoriť komplexný návrh, v ktorom budú všetky požiadavky logicky poprepájané a systém ako celok bude dávať zmysel. Odporúčam sa nad systémom zamyslieť do väčšej hĺbky a preštudovať si princípy špecifikácie požiadaviek.";4;Fx;4;D;/images/S0U2/290168_usecase.png;Use case diagram obsahuje primeraný počet prípadov použitia – nie je ani príliš stručný, ani zbytočne podrobný. Vhodná miera zovšeobecnenia pomáha zachytiť podstatu systému bez zahltenia detailmi.;10;A;5;D;/images/S0U3/290168_activity.png;"Diagram aktivít popisuje len úplne základný tok – výber jedla, objednanie a platba. Chýba akékoľvek vetvenie pre výber spôsobu platby, prípadné chyby počas platby, či možnosť registrácie/prihlásenia zákazníka. ""Zadať objednávku"" a ""Vykonať platbu"" sú celé procesy, nie atomické akcie – vhodné by bolo ich rozbiť na viacero krokov alebo modelovať ako štruktúrované (vnorené) aktivity. Swimlanes sú použité formálne správne, ale interakcia medzi zákazníkom a zamestnancom je veľmi zjednodušená. Na skúške sa odporúča pracovať aj s pokročilejšími prvkami, ako súfork/Join (paralelné vetvenie a synchronizácia),merge uzly, object nodes, časové podmienky (time events), výnimky (exception handlers). Zaujímalo by ma, či by ste mi vedeli vysvetliť vami namodelovaný vzťah abstrakcie. Tento vzťah sa používa v diagramoch architektúry alebo tried na vyjadrenie väzby medzi abstraktnou špecifikáciou a jej realizáciou, nie v diagrame aktivít. V diagrame aktivít pracujeme s akciami, tokmi riadenia (control flow), rozhodovacími uzlami a podobnými prvkami procesného modelovania.";7;E;4;D;/images/S0U4/290168_class.png;Diagram má vážne nedostatky v základnej štruktúre – chýbajú kľúčové triedy, zodpovednosti nie sú jasne definované a celkový návrh pôsobí nesúrodo.;4;Fx;3;D;/images/E0A1/290168_usecase.png;7;E;9;B;D;/images/E0A2/290168_activity.png;7;E;7;E;D;/images/E0A3/290168_class.png;5;Fx;3;Fx;E
46;290169;Ai;C;/images/S0U1/290169_requirements.png;Požiadavky musia byť definované viac do hĺbky – nie je možné mať systém, kde má používateľ len 2-3 požiadavky. Taký systém by pravdepodobne nebol prakticky využiteľný, pretože ak ponúka len minimálne možnosti interakcie, nemalo by ani zmysel k nemu vytvárať dokumentáciu. Rovnako je dôležité, aby sa požiadavky neopakovali – cieľom je definovať základnú kostru systému, teda nevyhnutné funkcionality, bez ktorých systém nemôže fungovať. Bohužiaľ, v aktuálnej podobe toto riešenie nie je možné akceptovať ako špecifikáciu, pretože nepokrýva nič podstatné.;5;Fx;3;C;/images/S0U2/290169_usecase.png;"Učiteľ neplní úlohy študenta, ako je odovzdávanie úloh a rôzne iné. Použitie generalizácie medzi týmito dvoma aktérmi je metodologicky nesprávne. Ďalším nedostatkom je, že návrh nezabezpečuje, aby každý aktér videl len svoje kurzy. Na tento účel je potrebné vytvoriť všeobecnú entitu ""Používateľ"", ktorej priradíte prípady použitia spoločné pre všetkých aktérov (napríklad ""prehliadať kurzy"", ""prihlásiť sa na kurz"" atď.). Ostatní aktéri (študent, učiteľ, manažér) by následne dedili funkcionalitu od tejto entity. Treba si však dať pozor aj na formálnu stránku.";8;D;3;C;/images/S0U3/290169_activity.png;Diagram aktivít obsahuje základné akcie a rozhodnutia. Diagram je možné výrazne rozšíriť a zahrnúť ďalšie prvky, ako sú viac rozhodovacích uzlov pre spracovanie rôznych podmienok, merge nodes na správne spájanie rozhodovacích ciest, swimlanes pre rozlíšenie zodpovedností jednotlivých aktérov alebo systémových zložiek, paralelné toky, ak proces umožňuje vykonávanie činností súbežne, a pokojne aj prvky ako tokeny, aby ste jasne zachytili riadenie toku v procese.;7;E;3;C;/images/S0U4/290169_class.png;"V tomto návrhu account dedí od person, čo znamená, že účet je druh osoby, čo je nesprávne. V skutočnosti by to malo byť naopak – osoba môže mať účet, nie účet je osoba. Správne by teda mal byť medzi person a account kompozičný alebo asociačný vzťah 1:1 (t.j. jeden používateľ má jeden účet), nie dedičnosť.

V návrhu je review priradená k account, pričom platí 1:1 vzťah – teda jeden účet môže napísať len jednu recenziu, čo je nezmyselné obmedzenie. Používateľ (account) by mal byť schopný napísať viac recenzií (1:N), a čo je ešte dôležitejšie – recenzia musí byť k niečomu! Aktuálne chýba väzba na entitu, ktorú recenzujem – napr. parkovisko (parkinglot) alebo parkovacie miesto (parkingspot). Bez tejto väzby review nemá žiadny kontext a je v systéme zbytočná. Je zbytočné robiť podtriedy car, bus, motorbike, keď stačí mať typ vozidla ako enum alebo jednoduchý atribút. Prípadne tieto sub-class prepájať priamo na vehicle a neohraničovať ich triedami vehicleType a type.";5;Fx;3;C;/images/E0A1/290169_usecase.png;8;D;8;D;C;/images/E0A2/290169_activity.png;7;E;5;Fx;C;/images/E0A3/290169_class.png;5;Fx;5;Fx;E
47;290170;T;D;/images/S0U1/290170_requirements.png;Odporúčala by som vám skúsiť členiť požiadavky trochu iným spôsobom, aby boli prehľadnejšie a jasnejšie. Zároveň som si všimla, že nie všetky navrhnuté požiadavky patria medzi funkčné – bolo by dobré venovať viac pozornosti ich správnemu rozdeleniu na funkčné a nefunkčné. V súčasnej podobe požiadavky zatiaľ nepokrývajú celý systém dostatočne komplexne.;7;E;4;D;/images/S0U2/290170_usecase.png;Diagram prípadov použitia mohol byť o niečo rozsiahlejší – niektoré funkcionality systému ostali nedefinované alebo len načrtnuté. Zároveň by bolo vhodné zvážiť použitie generalizácie medzi aktérmi, napríklad medzi zamestnancom a manažérom, ak zdieľajú podobné právomoci a činnosti.;9;B;5;D;/images/S0U3/290170_activity.png;Čo sa týka diagramu aktivít, využitie swimlanes by výrazne zlepšilo prehľadnosť, najmä pri rozdelení procesov medzi rôznych aktérov. Pomohlo by to jasne ukázať, kto má ktoré toky a činnosti priradené. Vo všeobecnosti návrhy pozostávajú len zo základných prvkov UML, preto by bolo vhodné rozšíriť ich o ďalšie typy a pokúsiť sa modelovať čo najviac interakcií – čím komplexnejšie, tým užitočnejšie pre analýzu a návrh systému.;8;D;4;D;/images/S0U4/290170_class.png;Keď už návrh je nepoužiteľný, aspoň niektoré časti sú úsmevné. Začnime s triedou Address, ktorá je deklarovaná ako dátový typ (dataType), avšak obsahuje metódy miesto atribútov. To je v rozpore s tým, ako sa dátové typy používajú – tie majú reprezentovať jednoduché štruktúry (napr. street: string, city: string atď.), nie funkcionalitu. Aktuálne pôsobí skôr ako servisná trieda než ako typ údajov. Ďalej, vzťah medzi Reservation a Show je modelovaný ako 1:1, čo znamená, že pre každú rezerváciu existuje iba jedno premietanie a naopak – pre každé premietanie existuje iba jedna rezervácia. To by znamenalo, že každý film sa premieta iba jednému divákovi, čo je, mierne povedané, veľmi exkluzívna služba. V realite by tento vzťah mal byť jednoznačne 1:N – jeden Show (premietanie) môže mať viaceré Reservation. Ďalší problém je dedičnosť medzi Movie a Genre. Zo vzťahu v diagrame vyplýva, že Movie dedí od Genre, čo je konceptuálne nesprávne – film nie je žánrom, film má jeden alebo viac žánrov. Tu by mal byť použitý asociačný vzťah, ideálne s možnosťou priradenia viacerých žánrov k jednému filmu (M:N). Rovnako zábavne pôsobí ShowSeat ako podtrieda CinemaHallSeat, ktorá má viac atribútov ako nadradená trieda, čo pôsobí nelogicky – základná trieda by mala obsahovať všeobecné vlastnosti a podtrieda ich špecifikovať, nie rozširovať úplne iným smerom.;8;D;4;D;/images/E0A1/290170_usecase.png;9;B;8;D;D;/images/E0A2/290170_activity.png;7;E;8;D;D;/images/E0A3/290170_class.png;7;E;7;E;D
48;290171;Ai;C;/images/S0U1/290171_requirements.png;Návrh systému a jeho časti by mali byť komplexné a logicky prepojené. Pokračovaním v tomto návrhu a jeho rozšírením môžete dosiahnuť plne funkčný a dobre štruktúrovaný systém.;8;D;2;C;/images/S0U2/290171_usecase.png;Diagram prípadov použitia ako taký je spracovaný správne, ale aktuálny rozsah je príliš malý na to, aby predstavoval základnú konštrukciu systému. Nestačí len identifikovať aktérov a priradiť im dva prípady použitia – návrh by mal reflektovať širší rozsah funkcionality systému a reálne scenáre používania. Je dôležité zamyslieť sa nad tým, aké všetky funkcionality systém ponúka teraz aj potenciálne v budúcnosti, a tieto prípady zahrnúť už v základnej štruktúre.;5;Fx;4;C;/images/S0U3/290171_activity.png;Niektorí aktéri sú nesprávne zadefinovaní (napr. technické komponenty ako aktér), prípadne sú pomenovaní príliš všeobecne. To znižuje úroveň abstrakcie a zmysel modelovania.;5;Fx;3;C;/images/S0U4/290171_class.png;V návrhu nie je žiadna väzba medzi Account a Vehicle, čo je zásadný problém. Používateľ predsa parkuje vozidlom, ktoré vlastní — systém musí vedieť, ktoré vozidlá patria ktorému účtu. V reálnom svete môže mať jeden používateľ viacero vozidiel (napr. auto, motorku, firemné vozidlo), preto by tu mal byť vzťah 1:N (jeden účet, viacero vozidiel). V návrhu je veľké množstvo vzťahov 1:1 (Account ↔ Person, Vehicle ↔ Ticket, Ticket ↔ Floor, Account ↔ Payment atď.). V databázových návrhoch sú často považované za chybu v návrhu, pretože sa zbytočne rozdeľujú entity, ktoré majú byť spolu. A platí to aj tu, obmedzujú systém a sú nerealistické. Account ↔ Payment by mal byť 1 --- * (účet môže uskutočniť viacero platieb), Vehicle ↔ Ticket by mal byť 1 --- * (jedno vozidlo môže vytvoriť mnoho lístkov počas viacerých návštev parkoviska). ;7;E;4;C;/images/E0A1/290171_usecase.png;6;E;5;Fx;C;/images/E0A2/290171_activity.png;5;Fx;5;Fx;C;/images/E0A3/290171_class.png;7;E;6;Fx;C
49;290172;Ai;B;/images/S0U1/290172_requirements.png;Vypracované riešenie nemá nič spoločné so špecifikáciou požiadaviek, preto je potrebné si dôkladne naštudovať rozdiel medzi funkčnými a nefunkčnými požiadavkami. Vždy na začiatku je potrebné systém rozdeliť podľa zainteresovaných strán, teda budúcich používateľov systému, a funkčné požiadavky definovať v súlade s budúcou funkčnosťou systému, aby návrh lepšie reflektoval jeho reálne využitie. Odporúčam si dôkladnejšie naštudovať princípy špecifikácie požiadaviek, správnu identifikáciu používateľov a formálnu štruktúru požiadaviek.;1;Fx;5;B;/images/S0U2/290172_usecase.png;"Asociácie slúžia výhradne na znázornenie komunikácie medzi aktérom a prípadmi použitia systému, nie medzi samotnými aktérmi ani prípadmi použitia. Učiteľ ani manažér v žiadnom prípade nemôže dediť funkcionalitu študenta. Tieto role sú jasne odlišné — učiteľ neplní úlohy študenta, ako je odovzdávanie úloh a rôzne iné. Použitie generalizácie medzi týmito dvoma aktérmi je metodologicky nesprávne. Zároveň vzniká v návrhu duplicita, keď priraďujete používateľov k iným prípadom použitia asociáciou a zároveň modelujete generalizáciu. Tento prístup je metodologicky nesprávny, pretože generalizácia už sama o sebe vyjadruje prevzatie vlastností nadradeného aktéra. Ak k tomu navyše pridávate asociáciu, vytvárate zbytočné a mätúce zdvojenie väzieb. Ďalším nedostatkom je, že návrh nezabezpečuje, aby každý aktér videl len svoje kurzy. Na tento účel je potrebné vytvoriť všeobecnú entitu ""Používateľ"".";5;Fx;4;B;/images/S0U3/290172_activity.png;"Diagram aktivít obsahuje len približne štyri akcie a jedno rozhodnutie, čo ani zďaleka nezodpovedá komplexnému návrhu systému. Návrh takto nepokrýva potrebnú procesnú logiku, ktorá by mala reflektovať reálne procesy systému vrátane podmienok a výstupov.
Pre kvalitný a realistický návrh je potrebné diagram výrazne rozšíriť a zahrnúť ďalšie prvky, ako sú viac rozhodovacích uzlov pre spracovanie rôznych podmienok, merge nodes na správne spájanie rozhodovacích ciest,swimlanes pre rozlíšenie zodpovedností jednotlivých aktérov alebo systémových zložiek,paralelné toky, ak proces umožňuje vykonávanie činností súbežne.";4;Fx;4;B;/images/S0U4/290172_class.png;Návrh class diagramu má viacero zásadných nedostatkov, ktoré bránia jeho správnemu objektovo-orientovanému využitiu. Najzásadnejšou chybou je nesprávne použitie dedičnosti (generalizácie) medzi niektorými triedami, kde namiesto vzťahu „je typom“ (is-a) bolo zjavne použité „súvisí s“ (has-a). Product generalizuje Order, čo je nelogické – objednávka rozhodne nie je typom produktu. Naopak, objednávka obsahuje jeden alebo viac produktov, preto by medzi nimi mala byť asociácia (ideálne sprostredkovaná cez pomocnú triedu ako OrderItem), nie dedičnosť. Trieda Cart je napojená na Order, ale už nemá žiadne prepojenie na Product, čo znamená, že košík neobsahuje žiadne konkrétne položky. Navyše sa tak vytvára dojem, že „košík je objednávka“, čo je nesprávna zámena dvoch fáz nákupného procesu. Košík slúži na dočasné ukladanie produktov pred vytvorením objednávky. Catalogue je v návrhu generalizovaný z Product, čo je obrátené poradie – katalóg nie je špecifickým produktom. Naopak, Catalogue by mal obsahovať alebo agregovať produkty, teda medzi nimi by mal byť vzťah 1:N (asociácia alebo agregácia), nie dedičnosť. Chýbajú vyznačené násobnosti (multiplicity) vo väčšine vzťahov. Bez nich nie je jasné, či ide o vzťah 1:1, 1:N alebo M:N, čo zásadne ovplyvňuje správne pochopenie a implementáciu systému.;3;Fx;1;B;/images/E0A1/290172_usecase.png;0;Fx;0;Fx;B;/images/E0A2/290172_activity.png;0;Fx;0;Fx;B;/images/E0A3/290172_class.png;0;Fx;0;Fx;Fx
50;290173;T;D;/images/S0U1/290173_requirements.png;Riešenie by bolo vhodné rozšíriť, aby spĺňalo minimálny požadovaný obsah a zároveň lepšie reflektovalo všetkých používateľov systému. Je potrebné lepšie identifikovať jednotlivých používateľov a ich role v rámci systému. Taktiež je dôležité zachovať logickú nadväznosť – ak má používateľ komunikovať s hodnotiteľmi a zadávateľmi, je potrebné jasne špecifikovať, kde sa títo používatelia v návrhu nachádzajú a akým spôsobom prebieha ich interakcia. Momentálne návrh poskytuje základnú štruktúru, avšak je nevyhnutné ho dotiahnuť do väčšej hĺbky, aby všetky dôležité prvky systému boli pokryté a prepojené.;8;D;5;D;/images/S0U2/290173_usecase.png;Viaceré prípady použitia sú formulované nejednoznačne alebo príliš všeobecne (napr. „spravovať systém“, „vykonať akciu“), čo sťažuje ich pochopenie aj overenie. Funkcie systému by mali byť pomenované konkrétne a výstižne.;4;Fx;3;D;/images/S0U3/290173_activity.png;Čo sa týka diagramu aktivít, ten je v aktuálnej podobe príliš jednoduchý. Diagram obsahuje iba akcie, neobsahuje žiadny rozhodovací uzol, a tým pádom nedokáže zachytiť ani podmienky a alternatívne cesty procesu, ktoré by realisticky modelovali správanie systému. Diagram nepokrýva reálny proces vydania certifikátu. Tento proces by mal zahŕňať napríklad výpočet hodnotenia, overenie splnenia podmienok a až následne vydanie certifikátu. Je potrebné, aby diagram obsahoval viacero prvkov UML napríklad decision nodes (rozhodovacie uzly), merge nodes (spojenie tokov po rozhodovaní), swimlanes (rozlíšenie aktérov alebo systémových častí), prípadne paralelné toky, ak proces umožňuje súbežné činnosti. Navyše, v diagrame sa vyskytuje chyba, do jednej akcie nemôžu vstupovať dve vetvy riadenia bez použitia merge node. ;5;Fx;5;D;/images/S0U4/290173_class.png;Trieda Show_seat nie je nijako prepojená s CinemaHallSeat. V praxi sa obsadenosť (rezervovanosť) sedadla vzťahuje na konkrétny čas – teda ShowSeat musí referovať na CinemaHallSeat, napr. cez dedičnosť alebo aspoň asociáciu. Logika systému by mala vychádzať z toho, že Cinema obsahuje jednu alebo viac CinemaHall, v ktorých sa odohrávajú jednotlivé Show. Bez tejto väzby nie je možné spätne určiť, v akom kine dané premietanie prebieha. To má zásadný dopad na funkcionalitu systému — napríklad pri filtrovaní filmov podľa mesta alebo pri zobrazovaní programov konkrétneho kina. Person je prepojená s Account cez 1:1, ale tieto triedy sa veľmi prekrývajú (obe majú meno, adresu, ID...). Chápem v tomto kontexte Person ako nejakého zákazníka nie osobné údaje. Aký rozdiel je medzi Adminom potom? Ak admin dedí od účtu mal by aj logicky Person.;5;Fx;2;D;/images/E0A1/290173_usecase.png;8;D;7;E;D;/images/E0A2/290173_activity.png;7;E;5;Fx;D;/images/E0A3/290173_class.png;9;B;8;D;C
51;290174;Ai;B;/images/S0U1/290174_requirements.png;Požiadavky sú logicky členené a budúci používatelia systému sú správne identifikovaní. Formálnu stránka je nedostatočná. Odporúčam sa viac zamerať na širší rozsah funkcionalít pre jednotlivých používateľov, aby bol návrh systému skutočne komplexný a plne použiteľný.;9;B;5;B;/images/S0U2/290174_usecase.png;"Návrh nezabezpečuje, aby každý aktér videl len svoje kurzy. Na tento účel je potrebné vytvoriť všeobecnú entitu ""Používateľ"", ktorej priradíte prípady použitia spoločné pre všetkých aktérov. Učiteľ v žiadnom prípade nemôže dediť funkcionalitu študenta. Tieto role sú jasne odlišné — učiteľ neplní úlohy študenta, ako je odovzdávanie úloh a rôzne iné. Použitie generalizácie medzi týmito dvoma aktérmi je metodologicky nesprávne. Všetci aktívni aktéri musia byť umiestnení na ľavej strane hranice systému, nie len časť z nich. ";7;E;5;B;/images/S0U3/290174_activity.png;Diagram aktivít je vypracovaný správne ale v praxi sa zaužívajú komplexnejšie návrhy tohto typu diagramu. Do diagramu aktivít pokojne môžete v budúcnosti zahrnúť ďalšie prvky, ako sú viac rozhodovacích uzlov pre spracovanie rôznych podmienok, merge nodes na správne spájanie rozhodovacích ciest, swimlanes pre rozlíšenie zodpovedností jednotlivých aktérov alebo systémových zložiek, paralelné toky, ak proces umožňuje vykonávanie činností súbežne.;9;B;5;B;/images/S0U4/290174_class.png;Trieda Account realizuje interface Access Account, ale zároveň sú všetky jeho metódy už priamo uvedené v Account (napr. change_status(), change_information()). Tento interface teda neprináša žiadnu pridanú hodnotu a jeho existencia je zbytočná. Ak by sa interface mal používať napríklad v inej vrstve systému, treba to jasne oddeliť a správne použiť v kontexte. Zákazník môže vytvoriť objednávku (Order), ktorá obsahuje produkty, ale samotné priame spojenie medzi Customer a Product nedáva zmysel. Malo by ísť buď o spojenie sprostredkované cez Order, alebo Review. Názov triedy Bin nie je štandardne používaný pre košík alebo zoznam produktov. Ak má reprezentovať nákupný košík, mala by byť pomenovaná napr. Cart, a mala by byť asociačnou triedou medzi Customer a Product, nie samostatnou entitou bez väzby na Order. Navyše, je prepojená aj na Order, čo vytvára nejasný vzťah – nie je jasné, či Bin je predchodcom objednávky alebo niečím iným. Trieda Order nie je vôbec prepojená na zákazníka, čo je závažný logický nedostatok. Každá objednávka musí byť jednoznačne spojená s používateľom, ktorý ju vytvoril. V návrhu je Order spojený iba s Admin, čo je nelogické – administrátor síce môže spravovať objednávky, ale určite ich nevytvára. Objednávka nie je nijakým spôsobom spojená s produktmi, ktoré obsahuje. To je kľúčová chyba – bez väzby na produkty nie je možné modelovať, čo si zákazník skutočne objednal.;7;E;5;B;/images/E0A1/290174_usecase.png;6;Fx;5;Fx;B;/images/E0A2/290174_activity.png;6;Fx;7;E;B;/images/E0A3/290174_class.png;0;Fx;0;Fx;Fx
52;290175;Ai;C;/images/S0U1/290175_requirements.png;Požiadavky sú logicky členené, formálne správne a obsahovo pokrývajú navrhovaný systém, čo prispieva k prehľadnosti a kvalite návrhu.;10;A;5;C;/images/S0U2/290175_usecase.png;Hranica systému musí niesť konkrétny názov modelovaného systému, nie všeobecné označenie ako „Use Case“.  Rovnako, ak identifikujete nesprávneho aktéra, ako je v tomto prípade „Systém“, ktorému následne nepriradíte žiadny prípad použitia (čo je správne, pretože podľa zadania sa takýto aktér v systéme nenachádzal), je potrebné ho úplne odstrániť z diagramu inak je to považované za chybu.;9;B;5;C;/images/S0U3/290175_activity.png;Diagram aktivít je vypracovaný správne ale v praxi sa zaužívajú komplexnejšie návrhy tohto typu diagramu. Do diagramu aktivít pokojne môžete v budúcnosti zahrnúť ďalšie prvky, ako sú viac rozhodovacích uzlov pre spracovanie rôznych podmienok, merge nodes na správne spájanie rozhodovacích ciest, swimlanes pre rozlíšenie zodpovedností jednotlivých aktérov alebo systémových zložiek, paralelné toky, ak proces umožňuje vykonávanie činností súbežne.;9;B;5;C;/images/S0U4/290175_class.png;Nie je možné z diagramu určiť, ktoré vozidlo patrí ktorému používateľovi – čo je základná požiadavka pre parkovací systém. Triedy ako Car, Truck, ElectricCar realizujú (t.j. „implementujú“) triedu Vehicle, čo je nesprávne. Správne by mala byť generalizácia/dedičnosť (plná šípka smerom k Vehicle). Násobnosti sú zásadné pre pochopenie koľko inštancií sa môže viazať k iným (napr. 1 osoba môže mať viac áut, ale 1 auto len 1 parkovací lístok naraz). Návrh obsahuje duplicitné a zbytočné údaje napr. atribút ticket v Vehicle a zároveň existuje prepojenie medzi Vehicle a ParkingTicket – to je zbytočné duplikovanie. isParked() je metóda v Car, Motorbike, Truck... a navyše aj atribút v Customer – narušená zodpovednosť a redundancia.;6;Fx;4;C;/images/E0A1/290175_usecase.png;9;B;6;Fx;C;/images/E0A2/290175_activity.png;10;A;10;A;C;/images/E0A3/290175_class.png;9;B;7;E;C
53;290176;Ai;B;/images/S0U1/290176_requirements.png;Požiadavky uvedené v časti „systém“ nemožno kategorizovať ako funkčné požiadavky. Odporúčam si dôkladnejšie naštudovať rozdiel medzi funkčnými a nefunkčnými požiadavkami, aby bolo ich zaradenie presné a správne. Tiež je dôležité uvedomiť si, že šport je len doména – hlavným cieľom bolo navrhnúť redakčný systém ako celok. Je nevyhnutné do budúcna lepšie premyslieť požiadavky všetkých zainteresovaných strán, aby návrh pokrýval všetky potrebné aspekty. Bohužiaľ, požadovaný rozsah takto nie je splnený a systém by nebol funkčný.;7;E;3;B;/images/S0U2/290176_usecase.png;"V návrhu systému sa vyskytujú viaceré zásadné metodologické chyby, ktoré je potrebné odstrániť pre zvýšenie kvality modelu. Je dôležité dbať na správne umiestnenie aktérov v rámci hranice systému — aktívnych aktérov (napr. používateľov systému, študentov, pedagógov) vždy umiestňujeme na ľavú stranu hranice systému, zatiaľ čo pasívnych aktérov (napr. externé databázy alebo iné systémy) zobrazujeme na pravej strane. V návrhu sa nachádza aktér ""Systém"", ktorý nemá priradený žiadny prípad použitia a je vyznačený ako aktér, čo je zbytočné a klasifikované ako chyba. Ak aktér nemá žiadnu interakciu so systémom (prípad použitia), v diagrame nemá čo hľadať. V návrhu síce vyplýval vzťah include, ktorý nebol zaznamenaný, avšak v tomto konkrétnom prípade to nepovažujem za zásadný nedostatok, pretože návrh inak zachytáva základnú funkcionalitu.";4;Fx;1;B;/images/S0U3/290176_activity.png;Použité prechody medzi aktivitami nie sú v súlade s logikou procesu – niektoré činnosti na seba nenadväzujú alebo sú zaradené v nesprávnom poradí.;3;Fx;1;B;/images/S0U4/290176_class.png;Vo väčšine vzťahov nie sú uvedené multiplicity, čo je kľúčové pre pochopenie kardinalít medzi triedami (napr. koľko produktov môže mať jeden objednávku, koľko recenzií môže napísať zákazník atď.). Trieda Order je prepojená na Account, zatiaľ čo Review je priradená ku Customer. To vytvára nekonzistenciu, pretože Customer je špecializáciou Account, no napriek tomu sa na Order nenapája on, ale jeho rodičovská trieda. Ak objednávku vytvára iba zákazník, mal by byť Order prepojený priamo na Customer, nie všeobecne na Account. Alebo treba jasne vyjadriť, že aj Admin môže vytvárať objednávky a tým pádom aj recenzie. Vzťah medzi Guest a Review naznačuje, že hosť vidí recenzie, ale bez popisu tento vzťah pôsobí nejasne. Chýba pomenovanie asociácie, ktoré by vysvetlilo význam tohto spojenia (napr. view_review). Date vo viacerých triedach je typu String, pričom správne by mal byť DateTime alebo date. Price je typu int, čo je nesprávne – mal by byť float alebo double, keďže cena môže obsahovať centy.;7;E;5;B;/images/E0A1/290176_usecase.png;6;Fx;6;Fx;B;/images/E0A2/290176_activity.png;6;Fx;4;Fx;B;/images/E0A3/290176_class.png;0;Fx;0;Fx;Fx
54;290177;Ai;B;/images/S0U1/290177_requirements.png;Vo vašom riešení sa nachádza viacero požiadaviek, ktoré nie je možné považovať za funkčné požiadavky. Napríklad údržba web stránky, podpora jazykov, systém a dostupnosť patria medzi nefunkčné požiadavky, pretože nepopisujú konkrétne funkcionality systému, ale skôr jeho kvalitatívne vlastnosti. Odporúčam si dôkladne naštudovať rozdiel medzi funkčnými a nefunkčnými požiadavkami, aby boli správne kategorizované. Rovnako FAQ nie je možné akceptovať ako funkčnú požiadavku, pretože nepredstavuje konkrétnu funkcionalitu systému, ale skôr obsahový prvok, ktorý dopĺňa používateľské rozhranie. Funkčná požiadavka by mala popisovať, ako systém pracuje alebo aké operácie umožňuje používateľovi vykonávať. Ďalej, požiadavky sú príliš všeobecne zadefinované a nie úplne v súlade so zadaním témy. Chýba mnoho kľúčových funkcionalít, ktoré sú nevyhnutné pre plnohodnotné fungovanie systému, preto je návrh nedostačujúci. Hoci sú požiadavky logicky členené, rozsah ani obsah nepokrývajú celý systém a taktiež formálna stránka by mohla byť lepšia.;4;Fx;1;B;/images/S0U2/290177_usecase.png;"Medzi aktérmi nemodelujeme vzťah asociácie. Asociácie slúžia výhradne na znázornenie komunikácie medzi aktérom a prípadmi použitia systému, nie medzi samotnými aktérmi ani prípadmi použitia. Aj keď sa pravdepodobne malo jednať o generalizáciu a nie asociáciu učiteľ v žiadnom prípade nemôže dediť funkcionalitu študenta. Tieto role sú jasne odlišné — učiteľ neplní úlohy študenta, ako je odovzdávanie úloh a rôzne iné. Použitie generalizácie medzi týmito dvoma aktérmi je metodologicky nesprávne. Ďalším nedostatkom je, že návrh nezabezpečuje, aby každý aktér videl len svoje kurzy. Na tento účel je potrebné vytvoriť všeobecnú entitu ""Používateľ"", ktorej priradíte prípady použitia spoločné pre všetkých aktérov. Stereotyp include je v tomto prípade zbytočný a zadanie okrem iného poukazovalo na jeho použitie s každým vytvoreným kurzom sa musí ku kurzu priradiť administrátor. Všetci aktívni aktéri musia byť umiestnení na ľavej strane hranice systému, nie len časť z nich. ";5;Fx;2;B;/images/S0U3/290177_activity.png;Diagram aktivít obsahuje len štyri akcie a jedno rozhodnutie, čo ani zďaleka nezodpovedá komplexnému návrhu systému. Návrh takto nepokrýva potrebnú procesnú logiku, ktorá by mala reflektovať reálne procesy systému vrátane podmienok a výstupov. Pre kvalitný a realistický návrh je potrebné diagram výrazne rozšíriť a zahrnúť ďalšie prvky, ako sú viac rozhodovacích uzlov pre spracovanie rôznych podmienok, merge nodes na správne spájanie rozhodovacích ciest, swimlanes pre rozlíšenie zodpovedností jednotlivých aktérov alebo systémových zložiek, paralelné toky, ak proces umožňuje vykonávanie činností súbežne.;4;Fx;2;B;/images/S0U4/290177_class.png;Atribúty ako meno: int, tel_cislo: int alebo adresa: string sú nevhodne zvolené. Meno určite nie je číselná hodnota, telefónne číslo by malo byť string kvôli možným znakom + alebo medzerám. adresa ako jeden string je nepostačujúce – mala by byť rozbitá do komponentov, čo sa v návrhu čiastočne rieši cez Adresy, ale nie je konzistentne použité. Košík (kosik) je pripojený k asociačnej väzbe medzi Admin a Product, čo vôbec nedáva zmysel. Košík by mal byť spojený so zákazníkom (Customer), prípadne cez Ucet. Trieda Objednavka (objednávka) je prepojená na Ucet, nie na Customer. Toto môže byť mätúce – ak zákazník objednáva, prečo nie je väzba priamo naň? Trieda Review je prepojená iba na Product, ale chýba informácia o tom, kto recenziu napísal. Nie je možné určiť, aký používateľ (napr. Customer) je autorom danej recenzie. Táto väzba je v bežných systémoch nevyhnutná. Triedy ako Product, Review, Katalog, Objednavka alebo Kosik neobsahujú takmer žiadne metódy. Class diagram má reprezentovať aj správanie, nie iba štruktúru. Pridanie metód ako addReview(), addToCart(), processPayment() by výrazne zlepšilo návrh. Interface2 má byť zrejme používateľské rozhranie, ale neobsahuje metódy. Katalog je síce prepojený na Product, ale neobsahuje žiadne údaje, ktoré by sa cez interface zobrazovali.;5;Fx;2;B;/images/E0A1/290177_usecase.png;7;E;8;D;B;/images/E0A2/290177_activity.png;7;E;6;Fx;B;/images/E0A3/290177_class.png;0;Fx;0;Fx;Fx
55;290178;Ai;A;/images/S0U1/290178_requirements.png;Požiadavky sú pomerne jasne štruktúrované, logicky usporiadané a formálne správne formulované. Počet požiadaviek (min. 15) je dodržaný. Požiadavky ako cookies a google alebo apple email, nie je možné považovať za funkčné požiadavky. Taktiež by bolo vhodné lepšie sa zamerať na hlavné funkcionality, aby bol návrh systému komplexnejší a pokrýval všetky kľúčové aspekty.;9;B;5;A;/images/S0U2/290178_usecase.png;Diagram prípadov použitia je v aktuálnom návrhu spracovaný nedostatočne — aktéri sú správne identifikovaní a väzby medzi nimi a prípadmi použitia sú vhodne zvolené. Pozitívne hodnotím aj správne rozvrhnutie funkcionalít podľa aktérov. Je však potrebné nezabúdať na pomenovanie systému. Názov systému je formálna, ale dôležitá súčasť každého modelu, ktorá pomáha jednoznačne identifikovať predmetný systém a odlíšiť ho od iných návrhov.;6;Fx;5;A;/images/S0U3/290178_activity.png;"Pokiaľ ide o diagram aktivít, bohužiaľ, ten v aktuálnom stave pôsobí ako nedokončený. Môže to byť dôsledok nedostatku času, avšak je dôležité, aby diagram obsahoval všetky požadované podmienky, ktoré vyplývajú zo zadania. Hoci návrh dobre začal prácou so študentmi, chýbajú v ňom rozhodovacie uzly s kompletnými vetvami (každé rozhodnutie by malo mať minimálne dve vetvy: ""áno"" a ""nie""), ukončenie všetkých tokov (nemali by v návrhu existovať akcie alebo vetvy, ktoré nikam nesmerujú), dôležité podmienky, ako napr. kontrola počtu priradených pedagógov, alebo časový rámec pre registráciu. Pre budúce zlepšenie odporúčam zvážiť rozšírenie diagramu o ďalšie prvky, ktoré môžu prispieť k ešte vyššej úrovni prehľadnosti a komplexnosti modelu — napríklad pri diagrame aktivít využitie swimlanes  pre aktérov alebo paralelné toky pre súbežné činnosti. Tieto prvky by mohli ešte lepšie zvýrazniť rozdelenie zodpovedností a paralelizmus procesov.";5;Fx;5;A;/images/S0U4/290178_class.png;Návrh class diagramu je veľmi strohý a chýbajú v ňom viaceré dôležité súvislosti a štruktúra, ktorú by mal systém typu realitný portál obsahovať. Trieda review je momentálne napojená iba na triedu customer, čo nedáva zmysel. V realite sa recenzie zvyčajne vzťahujú na konkrétnu nehnuteľnosť (alebo prípadne aj na predajcu), nie len na osobu. Model tak nezohľadňuje, čo presne bolo hodnotené. Vzťah review by mal byť prepojený aj s nehnuteľnosťou (napr. appartments alebo všeobecnejšou triedou property). Modelovanie appartments ako samostatnej triedy bez širšieho rámca nie je správne. Realitný portál zvyčajne ponúka rôzne typy nehnuteľností – byty, domy, pozemky, kancelárie atď. Preto je vhodné vytvoriť všeobecnú nadtriedu, napr. Property, z ktorej môžu Apartment, House, Land a ďalšie typy dediť. Takýto prístup umožní systém rozšíriť a lepšie reprezentovať reálnu doménu. Diagram je celkovo príliš jednoduchý, veľa tried ktoré by mali byť zohľadnené v návrhu absentujú.;7;E;5;A;/images/E0A1/290178_usecase.png;7;E;6;Fx;A;/images/E0A2/290178_activity.png;6;Fx;5;Fx;A;/images/E0A3/290178_class.png;6;Fx;5;Fx;D
56;290179;T;D;/images/S0U1/290179_requirements.png;Vypracované riešenie nemá nič spoločné so špecifikáciou požiadaviek, preto je potrebné si dôkladne naštudovať rozdiel medzi funkčnými a nefunkčnými požiadavkami. Vždy na začiatku je potrebné systém rozdeliť podľa zainteresovaných strán, teda budúcich používateľov a funkčné požiadavky definovať v súlade s budúcou funkčnosťou systému, aby návrh lepšie reflektoval jeho reálne využitie.;0;Fx;5;D;/images/S0U2/290179_usecase.png;"V návrhu systému je potrebné ešte výrazne zapracovať na správnom identifikovaní aktérov. Momentálne sú v systéme nesprávne identifikovaní aktéri, čo spôsobuje nepresnosti v zobrazení interakcií so systémom.  Konkrétne pri aktérovi učiteľ chýba použitie vzťahu include. Je dôležité pochopiť, že vzťah include v UML znamená, že určité správanie je vždy súčasťou nadradeného prípadu použitia. V tomto prípade, podľa zadania, keď si učiteľ vyberá kurz, automaticky si zároveň vyberá aj kurzy, ktoré chce vyučovať — nejde o voliteľnú akciu, ale o povinnú súčasť procesu. Preto by tu mal byť jasne vyznačený vzťah include, ktorý túto väzbu správne vystihne. Na druhej strane oceňujem, že v návrhu bola správne použitá generalizácia. Čo sa týka prípadu aktéra používateľ systému, v návrhu je zahrnutých príliš veľa požiadaviek, ktoré sú len informatívne a nie sú vhodné ako funkčné požiadavky systému. ""Pristupovať k informáciám o kurze zo staršej databázy"" nie je priama činnosť používateľa. V tomto prípade bolo vhodné modelovať ďalšieho pasívneho aktéra, napríklad ""stará databáza"", a definovať preň samostatný prípad použitia, ako je ""poskytovať kurzy"". Podobne, bezpečnostné opatrenia ako ""zabrániť neoprávnenému prístupu ku známkam"" nie sú funkčnou požiadavkou používateľa, ale nefunkčnou (technickou alebo bezpečnostnou) požiadavkou systému, a ako také by nemali byť zahrnuté v diagrame prípadov použitia. ";5;Fx;4;D;/images/S0U3/290179_activity.png;V diagram aktivít autentifikácia, registrácia, správa účtov – tieto akcie nie sú atomické, ide o celé procesy, ktoré by mali byť modelované ako štruktúrované (vnorené) aktivity. Fork/Join uzly je potrebné vždy ohraničiť z oboch strán – ak dôjde k paralelizmu, musí byť zabezpečená aj synchronizácia (napr. po ukončení vetiev). Každá akcia musí mať ukončenie – nemôže existovať tok, ktorý niekde „zhasne“. Chýbajúce koncové uzly alebo neukončené vetvy spôsobujú nelogickosť a nečitateľnosť modelu. Rozhodovacie uzly musia mať minimálne dve výstupné vetvy (napr. áno/nie, podmienka splnená/nesplnená). Rozhodovanie bez viacnásobných vetiev je chybné. ;3;Fx;4;D;/images/S0U4/290179_class.png;Enumerácie ako BookingStatus, PaymentStatus, SeatType a AccountStatus by nemali byť spájané priamo asociačnými čiarami na triedy ako Booking, Payment a pod. Trieda Booking je priamo spojená s triedou Film, čím implicitne hovorí, že si rezervujem názov filmu, vydavateľa a štúdio. V praxi si však rezervujem konkrétnu projekciu — teda objekt typu Show, ktorý obsahuje dátum, čas a miesto (kino + sála). Tento koncept tu chýba. Celý návrh postráda koncept Show, ktorý je kľúčovým prvkom v systéme kín — ide o konkrétnu projekciu filmu v konkrétny čas v konkrétnej sále. Bez toho je nemožné rozumne modelovať rezerváciu. Destination nie je teda šťastný názov pre Cinema s atribútmi ako cinema name a hall name by mala byť rozbitá na dve triedy: Cinema Hall a CinemaHallSeat, kde Cinema obsahuje viacero CinemaHall a každá Show sa odohráva v jednej hale. Trieda Sedadlo nie je nijako naviazaná na konkrétnu rezerváciu alebo premietanie, takže nie je možné určiť, ktoré sedadlo je v danom čase obsadené. Toto by sa malo riešiť cez entitu ako ShowSeat, ktorá mapuje sedadlo na konkrétne premietanie a obsahuje stav (napr. obsadené/voľné). Trieda Payment nie je naviazaná na žiadnu osobu — z návrhu nie je zrejmé, kto platí. Mala by mať väzbu minimálne na Person, ideálne aj na Booking, aby bolo jasné, ktorá platba sa vzťahuje ku ktorej rezervácii a komu.;4;Fx;4;D;/images/E0A1/290179_usecase.png;7;E;6;Fx;D;/images/E0A2/290179_activity.png;6;Fx;5;Fx;D;/images/E0A3/290179_class.png;8;D;7;E;E
57;290180;T;D;/images/S0U1/290180_requirements.png;Odporúčam  jasnejšie formulovať požiadavky a pri používateľoch sa zamerať na jedinečné funkcie, namiesto prílišného sústredenia sa na detaily jednej funkcionality, ako sú CRUD operácie. A ocenila by som, keby ste nabudúce pracovali viac samostatne.;10;A;5;D;/images/S0U2/290180_usecase.png;Diagram prípadov použitia mohol byť rozsiahlejší – zameriava sa takmer výlučne na zákazníka, pri ktorom sú prípady použitia premyslené, no ostatní aktéri ako zamestnanec či manažér sú výrazne zanedbaní. Chýba pohľad na ich činnosti, oprávnenia a interakcie so systémom. Rovnako by bolo možné zobraziť viacero include alebo extend vzťahov, ktoré by zlepšili modularitu a pochopenie funkcií.;8;D;5;D;/images/S0U3/290180_activity.png;V aktuálnom stave je diagram príliš jednoduchý a skôr znázorňuje všeobecný postup, než konkrétny proces podľa zadania. Návrh mohol byť výrazne obohatený o alternate paths (alternatívne cesty), ktoré vyplývajú z rôznych podmienok v procese. Pre lepšiu predstavu skúste sa zamyslieť nad nasledujúcimi otázkami. Čo sa stane, ak nie je k dispozícii dostatok študentov? Čo sa stane, ak nie je pridelený pedagóg? Ako sa proces vyvíja, keď je splnený alebo nesplnený časový rámec pre registráciu?;7;E;5;D;/images/S0U4/290180_class.png;Naznačujete mi návrhom že ste bohatý? Vzťah medzi Rezerváciou a Premietaním je nastavený na 1:1. Čo by v praxi znamenalo, že pre každé premietanie môže existovať iba jedna rezervácia. Takže si viete zarezervovať celé premietanie? Trieda Platba síce zachytáva atribúty ako stavPlatby a suma, ale úplne chýba väzba na entitu, kto platbu vykonáva – napr. Zakaznik alebo Učet. Bez tejto väzby systém nedokáže spätne identifikovať platiaceho používateľa, čo je dôležité nielen pre audit, ale aj pre reklamácie, refundácie či prehľad histórie platieb.V návrhu sa opakovane používa nevhodný dátový typ int pre textové údaje, ako je napr. NazovFilmu, NazovKina, TypSedadla a pod. Názvy nie sú číselné hodnoty – dátový typ by mal byť string, aby bolo možné reprezentovať textovú informáciu (napr. „Inception“, „Cinema City Aupark“).;9;B;5;D;/images/E0A1/290180_usecase.png;5;Fx;7;E;D;/images/E0A2/290180_activity.png;5;Fx;6;Fx;D;/images/E0A3/290180_class.png;7;E;8;D;C
58;290181;Ai;A;/images/S0U1/290181_requirements.png;Požiadavky sú jasne štruktúrované, logicky usporiadané a formálne správne formulované. Počet požiadaviek (min. 15) je dodržaný a ich obsah dostatočne pokrýva navrhovaný systém.;10;A;5;A;/images/S0U2/290181_usecase.png;Diagram ako taký je spracovaný správne, ale aktuálny rozsah je príliš malý na to, aby predstavoval základnú kostru systému. Nestačí len identifikovať aktérov a priradiť im dva prípady použitia – návrh by mal reflektovať širší rozsah funkcionality systému a reálne scenáre používania. Je dôležité zamyslieť sa nad tým, aké všetky funkcionality systém ponúka teraz aj potenciálne v budúcnosti, a tieto prípady zahrnúť už v základnej štruktúre. ;7;E;5;A;/images/S0U3/290181_activity.png;Diagram aktivít pozostáva iba zo základných prvkov – chýbajú rozhodovacie logiky, dátové objekty, prípadne synchronizácie. Namiesto toho, aby sa použili swimlines na rozlíšenie kompetencií medzi aktérmi, boli vytvorené dva samostatné diagramy, čo naznačuje nepochopenie konceptu procesného toku v rámci jedného systému.;7;E;5;A;/images/S0U4/290181_class.png;Diagram je zatiaľ veľmi jednoduchý a pre modelovanie komplexného systému, akým je realitný portál, nepostačuje. Chýba v ňom viacero základných princípov objektovo-orientovaného návrhu a dôležitých väzieb. V diagrame pôsobí Apartment ako hlavná trieda pre nehnuteľnosti, od ktorej sú cez asociácie napojené House a Room. To však nedáva zmysel – Apartment, House, Room sú všetko konkrétne typy nehnuteľností, nie nadtrieda a jej komponenty. Vhodnejšie by bolo vytvoriť všeobecnú triedu, napr. Property alebo RealEstate, od ktorej by dedili špecializované triedy ako Apartment, House, Room, prípadne aj Land, CommercialSpace atď. Takto dosiahnete rozšíriteľnosť a správnu reprezentáciu typov nehnuteľností. V súčasnosti je Admin prepojený kompozíciou na triedu Person, hoci obsahuje rovnaké údaje (name, email, surname, atď.). To je porušenie princípu – namiesto toho by mal Admin dediť od Person, čím sa zabezpečí jednotná identita používateľov a zjednoduší sa správa systému. Trieda Guest je v diagrame prepojená na Account, čo však logicky nedáva zmysel. Guest (návštevník) typicky predstavuje neprihláseného používateľa systému – teda niekoho, kto nemá účet. Práve pointou hosťa je, že nemá vytvorený Account, pretože ešte nie je zaregistrovaný. Celý systém obsahuje minimum tried a len zopár metód. Chýba reprezentácia ďalších tried, správa rezervácií, spracovanie správ/komunikácie, recenzie, notifikácie, platby – teda všetky funkcie, ktoré by realitný portál bežne mal. Takýto model zatiaľ pokrýva len úplný základ a neposkytuje dostatočný základ pre implementáciu systému.;3;Fx;5;A;/images/E0A1/290181_usecase.png;6;Fx;4;Fx;A;/images/E0A2/290181_activity.png;5;Fx;5;Fx;A;/images/E0A3/290181_class.png;5;Fx;4;Fx;C
59;290182;Ai;B;/images/S0U1/290182_requirements.png;Veľká väčšina požiadaviek nespĺňa charakter funkčných požiadaviek a mala by byť zaradená medzi nefunkčné požiadavky. Odporúčam preto dôkladne si naštudovať rozdiel medzi funkčnými a nefunkčnými požiadavkami, aby bolo ich rozdelenie správne a jednoznačné. Okrem iného nie je splnený požadovaný rozsah, a zároveň formálna stránka riešenia nie je úplne ideálna. Tiež je potrebné zdôrazniť, že šport je len doména – dôležité je zamerať sa na systém ako celok. V tomto prípade však požiadavky týkajúce sa redakčného systému úplne absentujú, čo znamená, že návrh nereflektuje hlavný účel systému.;5;Fx;2;B;/images/S0U2/290182_usecase.png;"Medzi aktérmi nemodelujeme vzťah asociácie. Asociácie slúžia výhradne na znázornenie komunikácie medzi aktérom a prípadmi použitia systému, nie medzi samotnými aktérmi ani prípadmi použitia. Učiteľ v žiadnom prípade nemôže dediť funkcionalitu študenta. Tieto role sú jasne odlišné — učiteľ neplní úlohy študenta, ako je odovzdávanie úloh a rôzne iné. Použitie generalizácie medzi týmito dvoma aktérmi je metodologicky nesprávne. Zároveň vzniká v návrhu duplicita, keď priraďujete používateľov k iným prípadom použitia asociáciou a zároveň modelujete generalizáciu. Tento prístup je metodologicky nesprávny, pretože generalizácia už sama o sebe vyjadruje prevzatie vlastností nadradeného aktéra. Ak k tomu navyše pridávate asociáciu, vytvárate zbytočné a mätúce zdvojenie väzieb. Nesprávne identifikovaná a namodelovaná dedičnosť medzi prípadmi použitia. Ak vytvoríte aktéra, ktorý nemá priradený žiadny prípad použitia ako napr. ""systém"" a zabudnete ho odstrániť, bohužiaľ je to klasifikované ako chyba.";5;Fx;3;B;/images/S0U3/290182_activity.png;Diagram aktivít obsahuje približne len šesť akcií a jedno rozhodnutie, čo ani zďaleka nezodpovedá komplexnému návrhu systému. Návrh takto nepokrýva potrebnú procesnú logiku, ktorá by mala reflektovať reálne procesy systému vrátane podmienok a výstupov. Pre kvalitný a realistický návrh je potrebné diagram výrazne rozšíriť a zahrnúť ďalšie prvky, ako sú viac rozhodovacích uzlov pre spracovanie rôznych podmienok, merge nodes na správne spájanie rozhodovacích ciest, swimlanes pre rozlíšenie zodpovedností jednotlivých aktérov alebo systémových zložiek, paralelné toky, ak proces umožňuje vykonávanie činností súbežne.;4;Fx;3;B;/images/S0U4/290182_class.png;Dátum by sa mal modelovať ako Date, nie int. Telefónne číslo ako String, nie int, kvôli formátom (napr. predvoľby). Používateľské meno, ulica, adresa, mesto atď určite nie je číselná hodnota (int), ale String. Objednávka (Order) je pripojená len na Admin, čo znamená, že len Admin môže vytvárať objednávky. Recenzia (Review) je však pripojená len k Customer, čím vzniká nelogickosť. Niektoré z asociačných väzieb nemájú vyznačené kardinálne vzťahy (1:1, 1:N, 0..*), čo výrazne znižuje čitateľnosť návrhu.;5;Fx;3;B;/images/E0A1/290182_usecase.png;6;Fx;4;Fx;B;/images/E0A2/290182_activity.png;6;Fx;5;Fx;B;/images/E0A3/290182_class.png;5;Fx;4;Fx;Fx
60;290183;T;D;/images/S0U1/290183_requirements.png;Funkčné požiadavky boli zadefinované vecne, prehľadne a zodpovedajú požiadavkám zadania. ;10;A;5;D;/images/S0U2/290183_usecase.png;Diagram prípadov použitia v súčasnej forme nedostatočne zohľadňuje perspektívu zamestnanca. Odporúčam doplniť relevantné prípady použitia, ktoré lepšie vystihnú interakciu tejto roly so systémom.;6;Fx;4;D;/images/S0U3/290183_activity.png;Diagram aktivít skôr pripomína stavový diagram objednávky než procesný tok tvorby objednávky – odporúčam jasnejšie oddeliť, či ide o popis správania objektu alebo proces. Swimlanes sú použité nesprávne – ich využitie musí zodpovedať rozdeleniu zodpovednosti medzi rôznymi rolami alebo systémovými komponentmi. Použité sú iba základné prvky (akcie, rozhodovacie uzly, signály), no očakáva sa znalosť a využitie aj pokročilejších prvkov.;6;Fx;4;D;/images/S0U4/290183_class.png;Momentálne je Booking prepojený len na ShowSeat, ale to je až dôsledok výberu miesta. Je potrebné modelovať aj priamy vzťah Booking → Show, aby bolo možné spätne vysledovať, na aké premietanie je rezervácia vytvorená. Asociácia medzi Account a Person by som do budúcna odporúčala nahradiť kompozíciou. Účet v systéme nemá zmysel bez osoby. V návrhu úplne chýba informácia o tom, kto realizuje rezerváciu alebo kto vykonáva platbu. Riešením by bolo prepojiť triedu Customer s Payment. Pozitívne hodnotím, že sú tu prítomné jednoduché getter metódy. Odporúčam pridať aspoň jednu akčnú metódu napr. bookSeat() do Booking alebo ShowSeat.;9;B;5;D;/images/E0A1/290183_usecase.png;9;B;10;A;D;/images/E0A2/290183_activity.png;8;D;5;Fx;D;/images/E0A3/290183_class.png;8;D;10;A;C
61;290184;T;D;/images/S0U1/290184_requirements.png;Požiadavky sú pomerne dobre sformulované z pohľadu administrátora. Bohužiaľ, chýbajú ďalšie požiadavky, ktoré by pokrývali systém komplexne aj z perspektívy iných používateľov. Odporúčam na skúške rozdeliť funkčné požiadavky podľa jednotlivých používateľov systému, aby bolo jasné, aké funkcionality sú pre koho určené. Dodržať požadovaný rozsah požiadaviek, aby bolo riešenie úplné. Lepšie si preštudovať rozdiel medzi funkčnými a nefunkčnými požiadavkami. Riešenie má dobrý základ, stačí ho len rozšíriť a lepšie štruktúrovať a logicky rozčleniť.;8;D;5;D;/images/S0U2/290184_usecase.png;V UC diagrame chýba označenie hranice systému (tzv. system boundary), čo je základný prvok UML use case diagramu má byť jasne definovaný názov, ako sme si to viac krát spomínali na cvičeniach. Vzťah include je nesprávne namodelovaný – smerovanie šípky by malo byť opačne. Podobne, aktér systém a jeho priradené prípady použitia nemajú v tomto kontexte opodstatnenie – systém nie je externý používateľ a nie je potrebné ho modelovať ako aktéra. Nie každý návrh má mať výlučne pasívneho aktéra, ak to nedáva zmysel. Celý návrh pôsobí skôr ako stručná kostra bez hlbšej analýzy – chýba dôsledné premyslenie vzťahov, pomenovaní aj rozsahu funkcionalít. Odporúčam prepracovať diagram tak, aby bol konzistentný, formálne správny a zodpovedal logike systému.;4;Fx;5;D;/images/S0U3/290184_activity.png;Musím pochváliť — diagram aktivít je spracovaný veľmi dobre, naozaj špičkovo vytvorený na základe scenárov. Na skúške však bude potrebné celý diagram vytvoriť manuálne a zároveň využiť všetky požadované prvky UML, ktoré boli preberané na prednáškach. Súčasné riešenie je výborné ako základ, ale pre skúškové hodnotenie sa očakáva komplexné spracovanie vrátane pokročilých prvkov, ako sú rozhodovacie uzly, merge nodes, swimlanes a paralelné toky, aby bol model úplný a metodologicky správny.;8;D;4;D;/images/S0U4/290184_class.png;Catalog je v návrhu použitý ako trieda, ktorá „používa“ rozhranie Cinema, ale sama nemá žiadne atribúty ani metódy. Zároveň nie je ani jasné, aký je jej konkrétny účel – slúži ako výpis filmov? vyhľadávací modul? správca údajov o filmoch? Navyše, rozhranie Cinema obsahuje metódu Search: int, čo je opäť nevhodne zvolený návrh – vyhľadávacie metódy by mali vrátiť zoznam výsledkov, nie celé číslo.;8;D;5;D;/images/E0A1/290184_usecase.png;8;D;7;E;D;/images/E0A2/290184_activity.png;6;Fx;7;E;D;/images/E0A3/290184_class.png;8;D;8;D;C
62;290185;Ai;C;/images/S0U1/290185_requirements.png;Požiadavky sú logicky členené, formálne na veľmi dobrej úrovni a obsahovo pokrývajú navrhovaný systém, čo prispieva k prehľadnosti a kvalite návrhu.;10;A;4;C;/images/S0U2/290185_usecase.png;"Návrh nezabezpečuje, aby každý aktér videl len svoje kurzy. Na tento účel je potrebné vytvoriť všeobecnú entitu ""Používateľ"", ktorej priradíte prípady použitia spoločné pre všetkých aktérov. Všetci aktívni aktéri musia byť umiestnení na ľavej strane hranice systému, nie len časť z nich. Učiteľ v žiadnom prípade nemôže dediť funkcionalitu študenta. Tieto role sú jasne odlišné — učiteľ neplní úlohy študenta, ako je odovzdávanie úloh a rôzne iné. Použitie generalizácie medzi týmito dvoma aktérmi je metodologicky nesprávne. ";8;D;5;C;/images/S0U3/290185_activity.png;Niektoré časti diagramu sú nejasné alebo zle zakreslené. Symboly neboli použité podľa štandardu UML, čo znižuje čitateľnosť a zrozumiteľnosť výstupu.;7;E;5;C;/images/S0U4/290185_class.png;Trieda Person používa pre atribúty ako email a phone dátový typ int, čo je chyba. E-mail určite nie je číselná hodnota – správny typ je string. Telefón síce môže byť číselný reťazec, ale v návrhoch systémov sa tiež používa ako string (kvôli úvodným nulám, medzinárodným predvoľbám, symbolom „+“ atď.). V aktuálnom modeli nie je zrejmé, ktoré konkrétne miesto v sále je rezervované v rámci predstavenia. ShowSeat by mal byť buď priamo napojený na CinemaHallSeat (napr. „toto sedadlo bolo obsadené počas tohto predstavenia“), alebo by mal obsahovať referenčný identifikátor na CinemaHallSeat. Bez tejto väzby sa nedá overiť, či si používateľ rezervoval skutočne existujúce a voľné miesto. Trieda Payment zachytáva len spôsob platby a jej stav, ale nie je prepojená s entitou, ktorá platbu realizuje. V dôsledku toho systém nemôže evidovať, kto platbu vykonal (napr. konkrétny Person alebo Account), chýba možnosť spätnej kontroly a prehľad histórie platieb používateľa, z databázového hľadiska nie je zabezpečená referenčná integrita platobného procesu. ;7;E;5;C;/images/E0A1/290185_usecase.png;8;D;7;E;C;/images/E0A2/290185_activity.png;8;D;5;Fx;C;/images/E0A3/290185_class.png;7;E;6;Fx;D
63;290186;T;D;/images/S0U1/290186_requirements.png;Vidím, že ste sa snažili, ale aktuálne požiadavky zatiaľ nepokrývajú celý systém tak, ako by bolo potrebné. Zároveň ste niektoré nefunkčné požiadavky zaradili medzi funkčné, čo môže viesť k nejasnostiam pri ďalšom definovaní systému. Odporúčala by som vám venovať viac pozornosti rozsahu a skúsiť požiadavky presnejšie a jasnejšie sformulovať. ;7;E;3;D;/images/S0U2/290186_usecase.png;V use case diagrame je nevyhnutné dodržiavať základné vizuálne pravidlá UML, medzi ktoré patrí aj umiestnenie aktérov a to tak, že aktívni aktéri (napr. zákazník, zamestnanec, manažér) majú byť umiestnení na ľavej strane, a naopak pasívni aktéri (napr. externé systémy) na pravej strane. V tomto prípade je navyše aktér systém úplne neopodstatnený – nejde o externý subjekt. Je nepochopiteľné, že zákazník v diagrame generalizuje od systému – to nedáva zmysel z pohľadu logiky ani UML štruktúry. Generalizácia sa používa medzi aktérmi rovnakého typu (napr. manažér ako špecializácia zamestnanca), nie medzi systémom a používateľmi. Vzťah extend je nesprávne namodelovaný – šípka musí smerovať od rozširujúceho prípadu k základnému. Prípady použitia by mali byť pomenované stručne (2–3 slová), v neurčitku, napr. Zaplatiť objednávku, Zobraziť ponuku. V súčasnosti sú niektoré názvy príliš dlhé alebo nejednotne formulované.;6;Fx;5;D;/images/S0U3/290186_activity.png;Z jedného počiatočného bodu (initial node) nemôžu vychádzať dve aktivity súčasne – ak je zámerom zobraziť paralelný tok, musia byť použité dva initial nodes alebo synchronizačný uzol (fork). Diagram by sa dal rozšíriť o ďalšie prvky, ako napríklad:paralelizmus (fork/join), viac rozhodovacích uzlov, dátové objekty alebo systémové reakcie.;7;E;5;D;/images/S0U4/290186_class.png;Medzi kľúčovými entitami je viac-krát nesprávne nastavenie násobností vzťahov. V súčasnej podobe je vzťah medzi triedami Booking a Show modelovaný ako 1:1, čo znamená, že pre každé premietanie môže existovať iba jedna rezervácia. To by znamenalo, že každý film sa môže pozerať iba jeden človek – čo zjavne odporuje realite. V skutočnosti jedno premietanie môže mať desiatky až stovky rezervácií, takže vzťah by mal byť nastavený ako 1:N, pričom jeden Show môže byť súčasťou mnohých Booking. Rovnaký problém nastáva aj pri vzťahu medzi Movie a Show, kde je opäť nastavený vzťah 1:1. Znamenalo by to, že každý film sa premieta iba raz, čo je úplne nerealistické. Každý film sa bežne premieta vo viacerých sálach a viackrát denne. Správne by teda tento vzťah mal byť tiež 1:N – jeden film (Movie) môže byť súčasťou viacerých predstavení (Show). V návrhu absentuje väzba medzi platbou (Payment) a používateľom, ktorý ju realizuje. Aktuálne návrh umožňuje zaznamenať len stav platby, ale nie je zrejmé, kto platbu vykonal. Táto informácia je nevyhnutná pre správu používateľských účtov, sledovanie histórie platieb či riešenie reklamácií. Platba musí byť preto prepojená aspoň s triedou Person alebo Account, aby systém vedel spätne identifikovať jej vykonávateľa.;8;D;5;D;/images/E0A1/290186_usecase.png;8;D;8;D;D;/images/E0A2/290186_activity.png;6;Fx;6;Fx;D;/images/E0A3/290186_class.png;7;E;7;E;D
64;290187;T;D;/images/S0U1/290187_requirements.png;Požiadavky sú pomerne dobre sformulované z pohľadu administrátora. Bohužiaľ, chýbajú ďalšie požiadavky, ktoré by pokrývali systém komplexne aj z perspektívy iných používateľov. Odporúčam na skúške rozdeliť funkčné požiadavky podľa jednotlivých používateľov systému, aby bolo jasné, aké funkcionality sú pre koho určené. Dodržať požadovaný rozsah požiadaviek, aby bolo riešenie úplné. Lepšie si preštudovať rozdiel medzi funkčnými a nefunkčnými požiadavkami. Riešenie má dobrý základ, stačí ho len rozšíriť a lepšie štruktúrovať a logicky rozčleniť.;8;D;4;D;/images/S0U2/290187_usecase.png;"V diagrame sa nachádza pasívny aktér systém, ktorý nemá priradený žiadny prípad použitia, čo je metodická chyba. V UML platí, že ak aktér nevykonáva žiadnu interakciu so systémom, nemá byť súčasťou diagramu. Aktéri v diagrame musia reprezentovať subjekty, ktoré systém aktívne používajú alebo s ním komunikujú. Použitie rozširujúcich vzťahov extend je formálne nesprávne aj koncepčne nevhodné. Tieto väzby nemajú reprezentovať lineárny priebeh ako v procese – v UC diagrame nemodelujeme poradie činností. V UML je prípustné mať maximálne dve úrovne: aktér → prípad použitia → prípadné rozšírenie (<>) alebo (<>). Navyše, prípady ako Potvrdenie objednávky či Zmena stavu *nie sú rozšírenia ""posielania upozornení"", ale skôr samostatné use cases alebo systémové reakcie. Medzi aktérmi chýba generalizácia – napríklad manažér by mal byť špecializáciou zamestnanca, ak má jeho právomoci rozšírené. Bez tohto vzťahu pôsobia aktéri neorganizovane.";7;E;5;D;/images/S0U3/290187_activity.png;Pri návrhu aktivít vieme použiť swimlanes, ktoré umožňujú jasne rozdeliť zodpovednosti medzi jednotlivých aktérov alebo systémové komponenty. V tomto prípade boli zbytočne vytvorené dva samostatné diagramy, čo namiesto prehľadnosti vytvára zbytočnú fragmentáciu. Zároveň diagram obsahuje iba základné prvky – chýbajú rozhodovacie uzly s podmienkami, synchronizačné body (fork/join), dátové objekty, ktoré by mohli výrazne spresniť priebeh.;8;D;5;D;/images/S0U4/290187_class.png;Trieda Catalog nemá definovaný žiaden atribút ani metódu, a teda nerealizuje rozhranie, ktoré implementuje. Z pohľadu objektovo-orientovaného návrhu ide o chybu ak trieda implementuje rozhranie, musí obsahovať konkrétnu implementáciu všetkých metód, ktoré sú v rozhraní deklarované. Inak ide o porušenie princípov rozhrania a jeho kontraktu. Je potrebné doplniť do triedy Catalog metódu (napr. Search()), ktorá bude uvedená aj v rozhraní, zvážiť aj pridanie relevantných atribútov, ktoré by reprezentovali zoznam filmov, kategórie alebo iné vyhľadávateľné údaje. Bez tohto pôsobí Catalog ako „prázdna nádoba“, ktorá síce tvrdí, že niečo vie robiť, ale reálne to nerobí. Pre udržanie zrozumiteľnosti a funkčnosti modelu je preto nutné túto triedu doplniť.;10;A;5;D;/images/E0A1/290187_usecase.png;7;E;7;E;D;/images/E0A2/290187_activity.png;6;Fx;6;Fx;D;/images/E0A3/290187_class.png;6;Fx;8;D;C
65;290188;Ai;C;/images/S0U1/290188_requirements.png;Požiadavky musia byť dôkladne premyslené a musí byť jasné, aké funkcionality systém reálne ponúka. Ak by ste mali systém, v ktorom sa dajú robiť iba dve veci, pravdepodobne by ste ho nepoužívali. Je nevyhnutné pokryť všetky kľúčové funkcionality, aby systém bol skutočne použiteľný. Nemôže sa stať, že identifikujete používateľa systému a nepriradíte mu žiadnu požiadavku – každý aktér v systéme by mal mať definované svoje interakcie a možnosti v rámci systému.;7;E;5;C;/images/S0U2/290188_usecase.png;"Návrh nezabezpečuje, aby každý aktér videl len svoje kurzy. Na tento účel je potrebné vytvoriť všeobecnú entitu ""Používateľ"", ktorej priradíte prípady použitia spoločné pre všetkých aktérov (napríklad ""prehliadať kurzy"", ""prihlásiť sa na kurz"" atď.). Ostatní aktéri (študent, učiteľ, manažér) by následne dedili funkcionalitu od tejto entity. Zároveň vzniká v návrhu duplicita, keď priraďujete používateľov k iným prípadom použitia asociáciou a zároveň modelujete generalizáciu. Tento prístup je metodologicky nesprávny, pretože generalizácia už sama o sebe vyjadruje prevzatie vlastností nadradeného aktéra. Ak k tomu navyše pridávate asociáciu, vytvárate zbytočné a mätúce zdvojenie väzieb. Návrh neobsahuje pasívneho aktéra v podobe ""systému"", ktorý mal byť súčasťou riešenia podľa zadania. Navyše, prípady použitia, ktoré sú aktuálne k tomuto aktérovi priradené, nepredstavujú funkčné požiadavky, ktoré by sa mali v rámci UCD diagramu mapovať.";7;E;5;C;/images/S0U3/290188_activity.png;Diagram je veľmi dobre spracovaný. Pre ešte lepšiu čitateľnosť by bolo dobré zvážiť pridanie názvov pre niektoré rozhodovacie uzly.;7;E;5;C;/images/S0U4/290188_class.png;Návrh obsahuje viacero nedostatkov v oblasti dátového typovania, ktoré by mali byť bezpodmienečne upravené pre správne fungovanie systému. Dátový typ Address má atribúty definované ako int. Rovnaký problém sa vyskytuje v triedach Account a Person. V oboch prípadoch sú atribúty ako name, surname, či phone_number definované nesprávne ako int. To je logicky aj prakticky neudržateľné – meno a priezvisko sú vždy reťazce, a telefónne číslo by takisto malo byť string, keďže môže obsahovať znaky ako +, úvodné nuly alebo medzery. Telefónne číslo navyše nie je určené na výpočty, preto jeho uloženie ako číselná hodnota nedáva zmysel. Ďalej sa v triede Account nachádza atribút role s typom Role, ktorý však nie je nikde definovaný ako dátový typ alebo enum. Takéto nedokončené referencie sú neprehľadné a v návrhu systému by nemali zostať. Tieto nesprávne dátové typy naznačujú, že návrh nebol dôsledne overený z pohľadu praktickej použiteľnosti a typovej bezpečnosti.;9;B;5;C;/images/E0A1/290188_usecase.png;7;E;7;E;C;/images/E0A2/290188_activity.png;6;Fx;7;E;C;/images/E0A3/290188_class.png;7;E;5;Fx;E
66;290189;Ai;B;/images/S0U1/290189_requirements.png;Veľká väčšina požiadaviek nespĺňa charakter funkčných požiadaviek a mala by byť zaradená medzi nefunkčné požiadavky. Odporúčam preto dôkladne si naštudovať rozdiel medzi funkčnými a nefunkčnými požiadavkami, aby bolo ich rozdelenie správne a jednoznačné. Z tohto dôvodu nie je splnený požadovaný rozsah, a zároveň formálna stránka riešenia nie je úplne ideálna.;7;E;4;B;/images/S0U2/290189_usecase.png;"Návrh nezabezpečuje, aby každý aktér videl len svoje kurzy. Na tento účel je potrebné vytvoriť všeobecnú entitu ""Používateľ"", ktorej priradíte prípady použitia spoločné pre všetkých aktérov (napríklad ""prehliadať kurzy"", ""prihlásiť sa na kurz"" atď.). Ostatní aktéri (študent, učiteľ, manažér) by následne dedili funkcionalitu od tejto entity.  Učiteľ v žiadnom prípade nemôže dediť funkcionalitu študenta. Tieto role sú jasne odlišné — učiteľ neplní úlohy študenta, ako je odovzdávanie úloh a rôzne iné. Použitie generalizácie medzi týmito dvoma aktérmi je metodologicky nesprávne.";8;D;4;B;/images/S0U3/290189_activity.png;Diagram zachytáva základné aktivity, ale niektoré časti by mohli byť spracované detailnejšie. Zamerajte sa na presnosť prechodov medzi aktivitami.;7;E;4;B;/images/S0U4/290189_class.png;Telefónne číslo môže obsahovať znaky ako +, medzery a má špecifické formáty. Správny typ je String. Status: int – ak status nadobúda konkrétne hodnoty (napr. ACTIVE, BLOCKED...), mal by byť reprezentovaný pomocou enumerácie. Price: int – cena môže obsahovať desatinné čísla. Použiť float alebo decimal. Trieda Review musí byť jasne prepojená s používateľom, ktorý ju vytvoril. Či už cez Account, alebo priamo na Customer (ak len tí môžu recenzovať). Bez tohto prepojenia nie je možné určiť pôvod recenzie. Trieda Catalogue je síce v diagrame, ale neobsahuje žiadne atribúty ani metódy. Navyše slúži ako realizácia pre Interface, no interface tiež neobsahuje nič – nevieme, čo má katalog robiť (napr. filtrovať, zoradiť produkty...). Interface by mal definovať správanie a Catalogue by ho mal implementovať (realizovať). Momentálne je to len formálny zápis bez funkcie.;7;E;4;B;/images/E0A1/290189_usecase.png;10;A;8;D;B;/images/E0A2/290189_activity.png;8;D;7;E;B;/images/E0A3/290189_class.png;8;D;8;D;C
67;290190;T;D;/images/S0U1/290190_requirements.png;Zoznam požiadaviek je systematický a dobre pokrýva hlavné funkcie systému. Požiadavky odrážajú potreby koncového používateľa a sú správne formulované čo umožňuje ich priame overenie počas implementácie alebo testovania. Oceňujem, že ste uvažovali nad konkrétnym využitím systému v praxi.;10;A;5;D;/images/S0U2/290190_usecase.png;Use case diagram je spracovaný prehľadne a jednoznačne. Aktéri aj prípad použitia sú zobrazené korektne a vzájomné vzťahy medzi nimi sú zreteľné. Diagram dobre vystihuje základné interakcie používateľov so systémom.;9;B;5;D;/images/S0U3/290190_activity.png;Aktivity diagram je prehľadný a dobre znázorňuje jednotlivé kroky procesu. Oceňujem logickú štruktúru a konzistentné používanie symbolov.;9;B;5;D;/images/S0U4/290190_class.png;Rozhranie (interface) definované s metódami search_movies() a search_shows() nie je nikým realizované. To je zásadný problém, keďže rozhranie v objektovo-orientovanom návrhu predstavuje kontrakt – a ak ho žiadna trieda nerealizuje, jeho existencia stráca zmysel. Niektorá z tried, napr. Catalog, by mala toto rozhranie explicitne implementovať a zabezpečiť konkrétnu funkcionalitu. Trieda Payment aj keď obsahuje informáciu o stave a type platby, chýba jej väzba na konkrétneho používateľa, ktorý ju realizoval. Platobná entita by mala byť prepojená s triedou Customer alebo Person, aby bolo možné spätne identifikovať, kto danú platbu vykonal. Aktuálny návrh eviduje len „čo“ bolo zaplatené (cez Booking), ale nie „kto“ platil – čo je nepostačujúce pre reálne systémy, ktoré musia podporovať audit, refundácie alebo používateľské histórie. V návrhu je vyznačený vzťah medzi triedami Booking a ShowSeat 1:1, čo znamená, že každá rezervácia sa viaže len na jedno sedadlo. To úplne neodráža bežnú situáciu, kedy si zákazník môže rezervovať viaceré miesta naraz – napríklad pre rodinu alebo skupinu. Táto väzba by mala byť zmenená na 1:N (jeden Booking zahŕňa viacero ShowSeat).;10;A;5;D;/images/E0A1/290190_usecase.png;10;A;10;A;D;/images/E0A2/290190_activity.png;10;A;10;A;D;/images/E0A3/290190_class.png;9;B;10;A;B
68;290191;T;D;/images/S0U1/290191_requirements.png;Odporúčala by som vám však upraviť členenie požiadaviek podľa jednotlivých používateľov, aby bolo z návrhu jasné, aké rôzne roly v systéme existujú a čo konkrétne môžu robiť. Každý používateľ systému by mal mať svoje požiadavky podrobnejšie rozpracované tak, aby ste pokryli všetky reálne interakcie so systémom. Rola mystery shoppoer by mohla osobitne definovať zadávanie správ z návštev, nahrávať fotografie alebo videá a sledovať stav svojich úloh. Koordinátor, ktorý priraduje úlohy shopperom, schvaľuje správy a komunikuje s klientmi. Zároveň by som odporúčala preštudovať si rozdiel medzi funkčnými a nefunkčnými požiadavkami, pretože ste niektoré nefunkčné (napr. požiadavky na GDPR alebo požiadavky na podporu viacerých prehliadačov) zaradili medzi funkčné.;9;B;3;D;/images/S0U2/290191_usecase.png;Vzťahy include sú v tomto návrhu nevhodne použité – napríklad Spravovať históriu objednávok či Spravovať osobné údaje môžu byť rozšírením (extend) hlavného prípadu ako Spravovať účet, ale určite nie sú povinnou súčasťou, aby odôvodňovali použitie include. Navyše, História objednávok by mohla byť samostatným prípadom použitia, pretože ide o funkčne oddelenú činnosť, ktorú si používateľ môže vyžiadať nezávisle. V prípade upozornení sa nejedná o rozšírenia (extend), ale o rôzne spôsoby zasielania – tam by mala byť použitá generalizácia (napr. E-mailové upozornenie a SMS upozornenie ako špecializácie). Medzi Manažérom a Zamestnancom by bola vhodná generalizácia – ak Manažér vykonáva všetky činnosti Zamestnanca a navyše niečo navyše, je to ideálny prípad pre zobrazenie dedičnosti medzi aktérmi. Aktér Systém treba odstrániť z návrhu, pretože nemá priradený žiadny prípad použitia. V UML neuvádzame aktérov, ktorí nevstupujú do interakcie – inak je to formálna chyba.;8;D;5;D;/images/S0U3/290191_activity.png;Diagram aktivít je momentálne nedokončený. Oceňujem, že swimlines boli správne identifikované, no práve preto by sa celý návrh mal spojiť do jedného diagramu, nie rozdeliť na dva samostatné, ktoré sa navzájom neprepájajú. Jednotlivé akcie by mali byť atomické a procesne jasne definované – napríklad Platba je príliš všeobecná a sama o sebe nevystihuje, čo sa v systéme deje. Takýto krok si zaslúži detailnejšie spracovanie alebo dokonca samostatný podsystém. Chýbajú aj pokročilejšie prvky aktivity diagramu.;5;Fx;5;D;/images/S0U4/290191_class.png;Hoci je rozhranie správne identifikované a použité pomocou stereotypu <>, neobsahuje žiadne metódy. V objektovo-orientovanom návrhu musí každé rozhranie deklarovať aspoň jednu operáciu (napr. searchMovie(), filterShow() a pod.), aby mohlo slúžiť ako kontrakt, ktorý bude triedami implementovaný. Súčasne, trieda Catalog, ktorá má rozhranie realizovať, je rovnako prázdna – neobsahuje žiadne atribúty ani metódy. Aby Catalog mohlo rozhranie reálne implementovať, musí definovať aj konkrétnu implementáciu týchto metód. V opačnom prípade ide o formálnu, ale nefunkčnú väzbu. Ďalším problémom je väzba medzi triedami Booking a ShowSeat, kde úplne chýba vyznačená násobnosť. Bez tejto informácie nie je zrejmé, koľko sedadiel môže byť obsiahnutých v jednej rezervácii. V praxi si však zákazníci bežne rezervujú viac ako jedno sedadlo (napr. rodina, skupina), takže vzťah by mal byť modelovaný ako 1:N (jeden Booking → viac ShowSeat). Takto bude systém vedieť správne spracovať skupinové rezervácie. Rovnako absentuje aj prepojenie medzi Booking a Show. Aktuálny model neobsahuje priame vyjadrenie toho, že rezervácia sa viaže na konkrétnu projekciu (show). Zákazník si totiž nerezervuje len sedadlá, ale sedadlá na konkrétnom filme, v konkrétnom čase a kinosále, čo zabezpečuje práve entita Show. Toto spojenie je nevyhnutné pre funkčnosť systému. Taktiež je nesprávne, že Movie je v návrhu oddelené od procesu rezervácie. V skutočnosti je súčasťou reťazca Booking → Show → Movie, pretože rezervácia vždy smeruje k premietaniu konkrétneho filmu. Movie preto nesmie byť izolované, ale musí byť súčasťou tejto väzby cez Show.;8;D;3;D;/images/E0A1/290191_usecase.png;7;E;8;D;D;/images/E0A2/290191_activity.png;5;Fx;5;Fx;D;/images/E0A3/290191_class.png;4;Fx;6;Fx;C
69;290192;Ai;A;/images/S0U1/290192_requirements.png;Požiadavky sú jasne štruktúrované, logicky usporiadané a formálne správne formulované. Počet požiadaviek (min. 15) je dodržaný a ich obsah dostatočne pokrýva navrhovaný systém. ;10;A;5;A;/images/S0U2/290192_usecase.png;"V prvom rade, aktéri systému nie sú správne identifikovaní. Pre správnosť návrhu je nevyhnutné, aby aktéri presne odrážali subjekty definované v zadaní, pričom v tomto prípade návrh nezachytáva všetkých relevantných aktérov systému. Ďalším problémom je formálna stránka zápisu prípadov použitia. Aj keď je zrejmé, že mohla nastať jazyková bariéra, je dôležité, aby boli texty zjednodušené, stručné a jasné. Príklady zachovanie výrazu ""online formou"" je zbytočné, keďže celý systém je online — stačilo by jednoducho ""získať informácie o kurze"". Rovnako formulácia ""z akéhokoľvek internetového prehliadača"" je nefunkčná požiadavka a do prípadu použitia nepatrí, stačí len ""prihlásiť sa na kurz"". Pri aktérovi učiteľ chýba použitie stereotypu <>, ktorý by reflektoval požiadavku zo zadania: pri výbere kurzu si učiteľ automaticky vyberá aj kurzy, ktoré chce vyučovať. Táto závislosť je nevyhnutná pre správne pochopenie procesu a mala by byť explicitne vyjadrená v diagrame. Okrem toho, bezpečnostné opatrenia ako ""zabrániť neoprávnenému prístupu ku známkam"" nepatria medzi funkčné požiadavky systému a nemajú byť modelované ako prípady použitia. Ide o nefunkčnú požiadavku (napr. bezpečnostnú), ktorá sa rieši na technickej úrovni, nie v rámci UML prípadu použitia. Vo všeobecnosti návrhu chýbajú aj niektoré dôležité funkcionality zo základných požiadaviek, ktoré by mali byť v návrhu zahrnuté pre jeho úplnosť. A chýba označenie systému, každá hranica systému musí mať aj názov systému. V tomto prípade napr. ""online systém pre registráciu kurzov"".";4;Fx;3;A;/images/S0U3/290192_activity.png;"Čo sa týka diagramu aktivít, v aktuálnej podobe je pomerne jednoduchý a obsahuje metodologické chyby. Do jednej akcie nemôžu smerovať dva toky riadenia, musí byť použitý merge node, aby sa tieto vetvy správne spojili. Navyše, ""kurz bez pedagóga"" by nemala byť akcia, ale rozhodnutie, ktoré by malo byť modelované ako decision node. Odporúčam do budúcna zapracovať aj ďalšie prvky, ako sú merge node, swimlanes pre rozdelenie zodpovedností a paralelné toky, ktoré by zlepšili prehľadnosť a presnosť procesného modelovania.";3;Fx;4;A;/images/S0U4/290192_class.png;Nesprávne alebo neúplné dátové typy sa vyskytujú v návrhu. Napríklad price, meeting_date, meeting_id, phone_number, username sú typu int, čo je nevhodné – ceny by mali byť float alebo double, dátumy typu datetime alebo Date, a username a email určite typu string. Niektoré triedy sú prepojené cez príliš veľa väzieb, ktoré znižujú prehľadnosť, odporúčam do budúcna väzbám priradiť nejaké označenie.;8;D;4;A;/images/E0A1/290192_usecase.png;9;B;5;Fx;A;/images/E0A2/290192_activity.png;8;D;5;Fx;A;/images/E0A3/290192_class.png;8;D;4;Fx;C
70;290193;Ai;B;/images/S0U1/290193_requirements.png;Požiadavky sú logicky členené, formálne správne a obsahovo pokrývajú navrhovaný systém, čo prispieva k prehľadnosti a kvalite návrhu.;10;A;5;B;/images/S0U2/290193_usecase.png;"Aktívnych aktérov (napr. študent, učiteľ, manažér, admin) je potrebné vždy umiestňovať na ľavú stranu hranice systému, aby bola zachovaná prehľadnosť a čitateľnosť diagramu. Učiteľ určite nededí funkcionality študenta — tieto dve roly sú v systéme výrazne odlišné. Učiteľ neplní úlohy študenta, ako je odovzdávanie úloh alebo prihlasovanie sa na kurzy. Použitie generalizácie medzi týmito aktérmi je preto metodologicky nesprávne. V návrhu chýba entita ""Používateľ"", ktorá mala byť vytvorená ako všeobecný aktér pre prípady použitia zdieľané všetkými aktérmi. Študent, učiteľ a manažér by potom dedili funkcionalitu z tejto všeobecnej entity, čo by správne pokrylo potrebu obmedzenia viditeľnosti len na vlastné kurzy. Navyše, v návrhu vyplýval vzťah <>, ktorý mal byť použitý, ale v návrhu sa neobjavuje. Pri definovaní procesov, ako je napríklad vytvorenie kurzu a automatické priradenie administrátora, je nutné takýto vzťah použiť na vyjadrenie nevyhnutného vykonania súvisiacej činnosti.";7;E;5;B;/images/S0U3/290193_activity.png;Diagram aktivít obsahuje iba jeden decision node, čo je vzhľadom na komplexnosť systému nedostatočné. Chýbajú v ňom ďalšie rozhodovacie uzly pre rôzne podmienky, ktoré by realistickejšie modelovali procesy systému. Odporúčam diagram doplniť o pokročilé UML prvky, ako sú merge nodes pre správne spájanie vetiev rozhodovacích uzlov, swimlanes pre rozdelenie zodpovedností medzi jednotlivých aktérov alebo časti systému, paralelné toky, ak niektoré procesy prebiehajú súbežne. Bez týchto prvkov diagram pôsobí neúplne a nezachytáva realistický tok procesov, ktorý je potrebný pre komplexný systém.;5;Fx;4;B;/images/S0U4/290193_class.png;Trieda Address (dátový typ) by mala obsahovať výlučne údaje súvisiace s lokalitou – napr. ulica, mesto, PSČ, krajina. Atribúty ako meno alebo telefónne číslo do adresy nepatria, keďže sú osobné identifikačné údaje používateľa a mali by byť súčasťou samostatnej entity ako Account alebo Person. Enumerácie sú navrhnuté veľmi stroho a bez rozšírených možností. Napr. Status by mohol zahŕňať viacero stavov ako ACTIVE, BLOCKED, DELETED, prípadne PENDING atď. Navyše, enumerácie nie sú vždy správne priradené ku konkrétnym atribútom – chýbajú odkazy v príslušných triedach, kde by sa daný enum mal používať ako typ. Použitie typov ako phone: int je nevhodné – telefónne čísla by mali byť typu String, pretože môžu obsahovať predčíslia, zátvorky alebo symboly ako +. Rovnako status: boolean nedáva zmysel v prípade, že existuje viac ako dva stavy – vtedy je vhodné použiť enumeráciu. Trieda Review nie je napojená na žiadnu entitu, ktorá by vyjadrovala autora recenzie (Account, Customer atď.). Bez tejto väzby nie je možné identifikovať, kto recenziu vytvoril, čo je z pohľadu databázy aj aplikačnej logiky zásadný problém. Trieda Notification je síce priradená k objednávke, ale neexistuje žiadna väzba, ktorá by určila adresáta danej notifikácie (napr. Account). V dôsledku toho nie je jasné, kto notifikáciu prijíma, čo výrazne znižuje praktickú použiteľnosť návrhu.;8;D;3;B;/images/E0A1/290193_usecase.png;4;Fx;7;E;B;/images/E0A2/290193_activity.png;4;Fx;7;E;B;/images/E0A3/290193_class.png;4;Fx;5;Fx;D
71;290194;Ai;C;/images/S0U1/290194_requirements.png;Odovzdané riešenie je spracované formou use cases, avšak diagram prípadov použitia absentuje, čo znamená, že riešenie nie je kompletné. Ak by som sa však na use cases pozeral ako na požiadavky, bolo by potrebné viac sa zamyslieť nad funkcionalitami jednotlivých používateľov a ísť viac do hĺbky. Požiadavky by mali presne špecifikovať, čo systém umožňuje používateľom vykonávať, a reflektovať všetky kľúčové aspekty systému. Pre budúce zadania odporúčam dbať na správne rozlíšenie use cases a požiadaviek, ich formálnu štruktúru a kompletnosť dokumentácie.;4;Fx;2;C;/images/S0U2/290194_usecase.png;"Zo zadania jasne vyplývalo, že pri každom vytvorení kurzu sa musí priradiť administrátor, preto je nevyhnutné použiť stereotyp include, ktorý túto povinnú závislosť medzi prípadmi použitia správne vyjadrí. Do návrhu ste zahrnuli pasívneho aktéra ""Systém"", ktorý v modeli nemal byť, keďže zo zadania takýto aktér nevyplýval. Aj keď ste k nemu správne nepriradili žiadny prípad použitia, zabudli ste ho z diagramu odstrániť, čo je považované za chybu. Dávajte si na toto prosím pozor — na skúške by vás takýto detail mohol stáť body úplne zbytočne.";6;Fx;4;C;/images/S0U3/290194_activity.png;Diagram aktivít je potrebné rozšíriť a spracovať ho komplexnejšie — zahrnúť viac rozhodovacích uzlov, použiť merge nodes, swimlanes a ďalšie pokročilé prvky UML. Na skúške sa bude vyžadovať komplexnejšie riešenie so zapojením všetkých potrebných prvkov UML preberanými na prednáškach.;5;Fx;4;C;/images/S0U4/290194_class.png;Administrátor už dedí od triedy osoba, takže ak admin dedí aj od zamestnanca, vzniká redundantné a konfliktné dedenie. Trieda účet nie je naviazaný na vozidlo. Nevieme, ktoré vozidlo vlastní ktorý účet (teda používateľ). Vzťah účet ↔ parkovisko nedáva zmysel. Účet by mal riešiť rezervácie alebo parkovanie, ale nie priamo vlastniť parkovisko. riedy čas_parkovanie a strateny_listok sú zbytočne oddelené. Obe triedy majú 1-2 atribúty a ich účel je súčasťou parkovacieho lístka. Opäť ďalšie nejasné a zbytočne duplikované triedy: miesto, cislo_miesto, rezervacie_miesto. Miesto, cislo_miesto, rezervacie_miesto pokrývajú rovnaký koncept – parkovacie miesto. Delia logiku na príliš veľa entít, čím znižujú čitateľnosť.;4;Fx;1;C;/images/E0A1/290194_usecase.png;7;E;5;Fx;C;/images/E0A2/290194_activity.png;10;A;9;B;C;/images/E0A3/290194_class.png;5;Fx;5;Fx;D
72;290195;Ai;A;/images/S0U1/290195_requirements.png;Požiadavky sú jasne štruktúrované, logicky usporiadané a formálne správne formulované. Počet požiadaviek (min. 15) je dodržaný a ich obsah dostatočne pokrýva navrhovaný systém.;10;A;5;A;/images/S0U2/290195_usecase.png;V návrhu sa vyskytuje viacero vážnych nedostatkov, ktoré významne znižujú jeho zrozumiteľnosť a kvalitu. V diagrame prípadov použitia je síce správne identifikovaná väčšina aktérov a definované prípady použitia sú z veľkej časti správne, no v návrhu sa nachádza príliš veľa rozširujúcich (extend/include) vzťahov, ktoré nie sú opodstatnené. Tieto nadbytočné vzťahy zbytočne komplikujú diagram a znižujú jeho prehľadnosť. Navyše, vzťah include je v diagrame použitý s nesprávnou notáciou, čo je metodologická chyba. Treba tiež zdôrazniť, že v jednom diagrame prípadov použitia nemodelujeme viac ako jednu úroveň rozšírenia. Prílišná hĺbka a zložitosť rozširujúcich vzťahov je v tomto prípade neopodstatnená.;5;Fx;4;A;/images/S0U3/290195_activity.png;"Čo sa týka diagramu aktivít, ten je v aktuálnej podobe nesprávny. Z jedného rozhodovacieho uzla nemôžeme viesť vetvu ""áno"" aj vetvu ""nie"" do rovnakého bodu. Navyše, riadiaci tok (control flow) by mal určovať postupnosť vykonávania aktivít, čo v prípade rozhodovacích uzlov nie je dodržané. Diagram ako celok pôsobí mätúco a nie je z neho jasná logická nadväznosť procesov. Procesy by mali byť prehľadne a jednoznačne naviazané, aby bolo možné ľahko porozumieť priebehu činností v systéme.";6;Fx;4;A;/images/S0U4/290195_class.png;V diagrame chýba hierarchia nehnuteľností. Všetky nehnuteľnosti sú reprezentované jednou triedou Property, pričom typ je len pomocný enum PropertyType. Toto je nedostatočné – byt, dom, kancelária a pozemok by mali byť samostatné špecializované triedy, ktoré dedia z triedy Property. Len tak možno reprezentovať ich rozdielne vlastnosti (napr. počet izieb, výmera pozemku, prístup k výťahu a pod.). Trieda Visit je použitá na modelovanie návštevy nehnuteľnosti, ale nie je isté, prečo je samostatnou entitou s vlastnými vzťahmi. Pokiaľ systém iba eviduje, že používateľ požiadal o obhliadku, stačí to zahrnúť ako stav alebo metódu k triede Reservation. Pokiaľ však ide o komplexnú interakciu (napr. plánovanie kalendára, schvaľovanie agentom), potom by mala byť táto trieda lepšie vysvetlená. Väčšina realitných portálov nezahŕňa platby priamo v systéme – realizácia kúpy prebieha mimo portálu. Preto prítomnosť triedy Payment nedáva zmysel, pokiaľ systém nie je rozšírený o reálnu platobnú bránu (čo nie je obvyklé). Odporúčam túto triedu odstrániť, pokiaľ nejde o špecifickú požiadavku. Customer je spojený kompozíciou s Reservation aj Visit, čo nie je správne. Kompozícia znamená, že životný cyklus jednej triedy je úplne viazaný na druhú – t. j. ak Customer zanikne, zanikne aj Reservation. To však nedáva zmysel, pretože rezervácie aj návštevy môžu existovať nezávisle od toho, či je účet aktívny. Tu je vhodnejšia asociácia, nie kompozícia.;7;E;4;A;/images/E0A1/290195_usecase.png;8;D;7;E;A;/images/E0A2/290195_activity.png;8;D;9;B;A;/images/E0A3/290195_class.png;8;D;7;E;B
73;290196;Ai;B;/images/S0U1/290196_requirements.png;V časti venovanej funkčným požiadavkám sú uvedené skôr technické alebo nefunkčné požiadavky (napr. výkon, bezpečnosť, vzhľad), ktoré síce súvisia so systémom, ale nevyjadrujú jeho správanie. Je potrebné lepšie rozlišovať jednotlivé typy požiadaviek.;5;Fx;3;B;/images/S0U2/290196_usecase.png;"V aktuálnom návrhu sú prítomné viaceré zásadné metodologické a obsahové nedostatky, ktoré ovplyvňujú správnosť a kvalitu navrhovaného systému. Je potrebné zdôrazniť, že medzi aktérmi a prípadmi použitia NIKDY nemodelujeme vzťah asociácie. Vzťahy asociácie sa používajú len medzi aktérmi a systémom, respektíve medzi aktérmi a jednotlivými prípadmi použitia, nie medzi samotnými aktérmi alebo prípadmi použitia navzájom. Ďalej, je potrebné si uvedomiť, že učiteľ ani manažér v žiadnom prípade nededia funkcionality študenta. Študent a učiteľ plnia v systéme zásadne odlišné úlohy — učiteľ napríklad neodovzdáva úlohy v kurze, čo je typická činnosť študenta. Použitie generalizácie v tomto prípade vedie k nesprávnemu modelovaniu, pretože by znamenalo, že učiteľ alebo manažér majú všetky funkcionality študenta, čo nie je v súlade so zadaniami ani reálnym fungovaním systému. Zároveň vzniká v návrhu duplicita, keď priraďujete používateľov k iným prípadom použitia asociáciou a zároveň modelujete generalizáciu. Tento prístup je metodologicky nesprávny, pretože generalizácia už sama o sebe vyjadruje prevzatie vlastností nadradeného aktéra. Ak k tomu navyše pridávate asociáciu, vytvárate zbytočné a mätúce zdvojenie väzieb. Použité stereotypy nie sú vhodne zvolené a v tomto prípade pôsobia skôr nadbytočne, než aby pridávali hodnotu k prehľadnosti alebo presnosti návrhu. Dôležitá je aj formálna stránka zápisu prípadov použitia — napríklad prístup k systému je možný len po prihlásení"" — toto nie je samostatná funkčná požiadavka, ale bezpečnostné obmedzenie, ktoré rieši návrh architektúry alebo technickej vrstvy systému. Používateľské údaje sa importujú z externého systému"" — opäť ide skôr o technickú alebo integračnú požiadavku, nie o funkčný prípad použitia z pohľadu aktéra. V návrhu taktiež chýba jasné označenie hranice systému, ktoré je kľúčové pre pochopenie, čo je súčasťou modelovaného systému.";3;Fx;4;B;/images/S0U3/290196_activity.png;Čo sa týka diagramu aktivít, ten je v aktuálnom stave príliš jednoduchý a obsahuje len jeden rozhodovací uzol, čo je nedostatočné pre zachytenie komplexnosti procesov v systéme. Na prednáškach ste preberali viaceré ďalšie prvky, ktoré by bolo vhodné v návrhu využiť pre zvýšenie prehľadnosti a presnosti, napríklad merge nodes pre spájanie rozhodovacích ciest, swimlanes na rozlíšenie zodpovedností rôznych aktérov alebo systémových komponentov, paralelizáciu, ak niektoré procesy prebiehajú súbežne,;4;Fx;4;B;/images/S0U4/290196_class.png;Diagram nie je v súlade s UML štandardmi – nesprávne alebo nejednoznačne použité symboly a vzťahy znižujú zrozumiteľnosť a odbornosť výstupu.;5;Fx;4;B;/images/E0A1/290196_usecase.png;6;Fx;5;Fx;B;/images/E0A2/290196_activity.png;5;Fx;4;Fx;B;/images/E0A3/290196_class.png;6;Fx;5;Fx;Fx
74;290197;Ai;C;/images/S0U1/290197_requirements.png;Požiadavky sú logicky členené, formálne správne a obsahovo pokrývajú navrhovaný systém, čo prispieva k prehľadnosti a kvalite návrhu.;10;A;5;C;/images/S0U2/290197_usecase.png;Use case diagram pokrýva len malú časť systému a nezachytáva všetky podstatné prípady použitia. Diagram tak pôsobí neúplne a neodráža reálne interakcie medzi používateľmi a systémom. Chýbajú základné funkcie alebo dôležití aktéri.;8;D;5;C;/images/S0U3/290197_activity.png;Diagram spĺňa základné požiadavky zadania, ale miestami pôsobí neúplne alebo zmätočne. Skús sa nabudúce viac zamerať na konzistentnosť a logické väzby.;7;E;5;C;/images/S0U4/290197_class.png;V súčasnom modeli nie je vozidlo naviazané na žiadnu osobu, takže systém nevie, komu vlastne patrí. Chýba tu základný vzťah medzi osobou a vozidlom, ktorý by jasne definoval vlastníka daného auta, motorky alebo elektromobilu. Táto väzba je kľúčová pre správnu evidenciu parkovania a správu systémových práv. Ďalší výrazný problém spočíva vo vzťahu medzi ParkovacímLístkom a ParkovacímMiestom. V súčasnom modeli sa zdá, že parkovací lístok priamo ukazuje na konkrétne parkovacie miesto, čo pôsobí zvláštne. Logicky by mal byť lístok naviazaný len na vozidlo, a až to vozidlo si v rámci parkovania zvolí alebo mu bude pridelené konkrétne voľné miesto. V realite predsa nie je bežné, aby ste dostali lístok, na ktorom je nielen EČV (evidenčné číslo vozidla), ale rovno aj označenie ako „C25, 2. poschodie“. Takto to jednoducho nefunguje – lístok je viazaný na auto, miesto si vodič vyberie podľa dostupnosti. Naviac je tu aj iný štrukturálny problém – triedy ako User a Admin dedia od triedy Osoba, no ani jedna z týchto tried nevytvára nijakú funkčnú väzbu k vozidlu, parkovaniu alebo lístku. Platobný proces tiež pôsobí neúplne – Platba je síce prepojená na ParkovacíLístok, ale samotná osoba alebo účet, kto platbu realizuje, v systéme úplne chýba.;8;D;5;C;/images/E0A1/290197_usecase.png;7;E;8;D;C;/images/E0A2/290197_activity.png;7;E;9;B;C;/images/E0A3/290197_class.png;7;E;6;Fx;B
75;290198;T;D;/images/S0U1/290198_requirements.png;Funkčné požiadavky sú formulované príliš všeobecne alebo nejasne. Nie je zrejmé, aké konkrétne funkcionality má systém vykonávať, čo sťažuje ich overiteľnosť a znemožňuje ich reálne využitie pri návrhu systému.;4;Fx;3;D;/images/S0U2/290198_usecase.png;Use case diagram je vizuálne neprehľadný – prvky sú chaoticky rozmiestnené, chýba logické usporiadanie aktérov a prípadov použitia. Pre čitateľa je náročné sa v diagrame orientovať, čo znižuje jeho výpovednú hodnotu.;6;Fx;5;D;/images/S0U3/290198_activity.png;V diagrame aktivít ste správne využili swimlines, čo je super krok správnym smerom. Už len dotiahnuť to do jedného súvislého toku – nie je potrebné robiť dva samostatné diagramy, pretože cez swimlines sa dajú procesy prehľadne prepojiť v jednom modeli.;7;E;5;D;/images/S0U4/290198_class.png;Návrh systému obsahuje dobre identifikované entity, ako sú Customer, Reservation, Payment, Show, Movie a ďalšie, avšak trpí nedostatočným prepojením medzi nimi, čo v praxi nemožno považovať za funkčný návrh systému. Napríklad entita Customer má byť prepojená na Reservation, a táto rezervácia tiež nie je logicky previazaná so všetkými súvisiacimi entitami. V reálnom procese by rezervácia mala byť previazaná na Show, ktorá je zasa previazaná na konkrétny Movie, pričom samotné predstavenie sa koná v rámci CinemaHall, a tá patrí konkrétnemu Cinema. Celý tento reťazec závislostí je kľúčový, ak chceme vedieť, čo si zákazník skutočne rezervoval.  Zároveň v návrhu chýba dedičnosť medzi ShowSeat a CinemaHallSeat, aj keď sa očividne jedná o konceptuálne príbuzné triedy, kde by bolo vhodné využiť generalizáciu. ShowSeat by mal dediť z CinemaHallSeat, keďže ide o konkrétne sedadlo v rámci špecifickej projekcie. V prípade platobnej logiky je pozitívne, že Payment je naviazaný na Reservation, čo je úplne v poriadku. Avšak, bolo by veľmi vhodné doplniť väzbu aj na Customer, keďže práve používateľ je subjektom, ktorý platbu realizuje. V súčasnosti sa z návrhu nedá spätne zistiť, kto danú platbu uhradil. Ďalej, rozhranie Guest by malo byť v systéme použité cez stereotyp <>, čo je v návrhu načrtnuté, no zároveň toto rozhranie nie je nikým realizované. Aby malo praktické využitie, musí ho implementovať konkrétna trieda, ako napríklad Catalog, ktorá by následne zabezpečila metódy browse() alebo makeReservation().;5;Fx;3;D;/images/E0A1/290198_usecase.png;8;D;6;Fx;D;/images/E0A2/290198_activity.png;8;D;8;D;D;/images/E0A3/290198_class.png;7;E;7;E;E
76;290199;Ai;A;/images/S0U1/290199_requirements.png;Požiadavky sú jasne štruktúrované, logicky usporiadané a formálne správne formulované. Počet požiadaviek (min. 15) je dodržaný a ich obsah dostatočne pokrýva navrhovaný systém. ;10;A;5;A;/images/S0U2/290199_usecase.png;"Návrh nezabezpečuje, aby každý aktér videl len svoje kurzy. Na tento účel je potrebné vytvoriť všeobecnú entitu ""Používateľ"", ktorej priradíte prípady použitia spoločné pre všetkých aktérov (napríklad ""prehliadať kurzy"", ""prihlásiť sa na kurz"" atď.). Ostatní aktéri (študent, učiteľ, manažér) by následne dedili funkcionalitu od tejto entity. Všetci aktívni aktéri musia byť umiestnení na ľavej strane hranice systému, nie len časť z nich.";7;E;5;A;/images/S0U3/290199_activity.png;Vidím snahu o zobrazenie procesného toku, čo oceňujem. Niektoré časti sú trochu nejasné alebo zjednodušené – bolo by dobré si ešte raz prejsť pravidlá UML a skontrolovať symboly.;7;E;4;A;/images/S0U4/290199_class.png;Diagram obsahuje niekoľko vážnych chýb a nejasností, ktoré významne znižujú jeho použiteľnosť ako model realitného systému. Trieda Customer, ktorá by mala reprezentovať koncového používateľa portálu (ten, kto prehliada a reaguje na ponuky nehnuteľností), v diagrame úplne chýba. Nie je zrejmé, kto vlastne vidí alebo reaguje na objekty Property. Trieda Computer nedáva v kontexte realitného portálu žiadny zmysel. Nie je to súčasť doménového modelu – v systéme, ktorý pracuje s ľuďmi, ponukami a nehnuteľnosťami, nie je potrebné sledovať počítače ako objekty triedy. Odporúčam túto triedu úplne odstrániť. country: int alebo post_number: int (pravdepodobne myslené ako PSČ) sú nevhodné. Tieto údaje majú byť typu string, pretože môžu obsahovať nuly alebo špecifické formáty (napr. kódy krajín). Aj keď modelovanie organizačnej štruktúry má svoje miesto, v tomto diagrame dominuje a zatláča do úzadia hlavnú funkcionalitu systému – teda prácu s ponukami, vyhľadávanie a interakciu používateľa s nehnuteľnosťami. Roly ako Admin, Boss, Worker sú príliš podrobne rozpracované, zatiaľ čo základný používateľ úplne chýba.;7;E;4;A;/images/E0A1/290199_usecase.png;6;Fx;4;Fx;A;/images/E0A2/290199_activity.png;8;D;9;B;A;/images/E0A3/290199_class.png;8;D;8;D;C
77;290200;T;D;/images/S0U1/290200_requirements.png;Vami zadefinovaný zoznam funkčných požiadaviek je systematický a dobre pokrýva hlavné funkcie systému. ;10;A;5;D;/images/S0U2/290200_usecase.png;V diagrame prípadov použitia sú aktéri správne identifikovaní a prípady použitia zodpovedajú požiadavkám systému. Diagram prehľadne a zrozumiteľne znázorňuje, aká funkcionalita je priradená ktorému aktérovi, a je v súlade s odporúčanou metodikou. Použité vzťahy medzi prípadmi použitia sú primerané a diagram pôsobí čisto a prehľadne. ;9;B;5;D;/images/S0U3/290200_activity.png;Rovnako pozitívne hodnotím aj diagram aktivít, ktorý správne zachytáva logiku procesov v systéme. Diagram je zrozumiteľný, procesné toky nadväzujú logicky a jednotlivé rozhodnutia sú vhodne umiestnené, čo pomáha pochopiť priebeh operácií v systéme. Pre budúce zlepšenie odporúčam zvážiť rozšírenie diagramov o ďalšie prvky, ktoré môžu prispieť k ešte vyššej úrovni prehľadnosti a komplexnosti modelu — napríklad pri diagrame aktivít využitie swimlanes (plavecké dráhy pre aktérov) alebo paralelné toky pre súbežné činnosti.;8;D;5;D;/images/S0U4/290200_class.png;Chýbajú základné princípy objektovo-orientovaného návrhu – diagram nevyužíva dedičnosť, agregáciu ani kompozíciu tam, kde by to bolo vhodné. Je potrebné si tieto koncepty znova preštudovať.;2;Fx;3;D;/images/E0A1/290200_usecase.png;7;E;8;D;D;/images/E0A2/290200_activity.png;8;D;7;E;D;/images/E0A3/290200_class.png;7;E;6;Fx;C
78;290201;T;D;/images/S0U1/290201_requirements.png;Funkčné požiadavky pokrývajú všetky hlavné časti systému. Sú použiteľné ako základ pre návrh alebo implementáciu. Jakub, oceňujem dôslednosť.;10;A;5;D;/images/S0U2/290201_usecase.png;Viaceré prípady použitia sú formulované nejednoznačne alebo príliš všeobecne, čo sťažuje ich pochopenie aj overenie. Funkcie systému by mali byť pomenované konkrétne a výstižne. Chcela by som upozorniť, že nie je nevyhnutné modelovať v každom návrhu pasívneho aktéra typu „systém“.;5;Fx;5;D;/images/S0U3/290201_activity.png;Čo sa týka diagramu aktivít, ten je momentálne nepostačujúci. Oceňujem správnu identifikáciu a využitie swimlines, no tokov je príliš málo a celý diagram skôr pripomína stavový diagram než skutočný model činností. Chýba dynamika procesov, rozhodovania, paralelizmus či objekty.;7;E;5;D;/images/S0U4/290201_class.png;Atribúty ako cena, datum, cas, vek atď. majú nesprávne dátové typy. Cena by mala byť float alebo decimal – určite nie int, datum, cas, datum/time majú byť typu date, time, alebo datetime, nie int, vek nie je vhodný ukladať – vek sa mení, lepšie je ukladať dátum narodenia. Rozhranie Interface1 má síce väzbu use od Guest, ale do budúcna zahrnúť aj account/person triedu na use, nie len návštevník má prístup k rozhraniu či? Review je dobre umiestnený, ale nemá spätný vzťah na Account/Customer nevieme takto určiť kto napísal recenziu.;10;A;5;D;/images/E0A1/290201_usecase.png;4;Fx;5;Fx;D;/images/E0A2/290201_activity.png;5;Fx;6;Fx;D;/images/E0A3/290201_class.png;5;Fx;5;Fx;E
79;290202;Ai;C;/images/S0U1/290202_requirements.png;Riešenie predstavuje dobrý základ ale je nevyhnutné ho rozšíriť. Ak by ste mali systém, v ktorom sa dajú robiť iba dve veci, pravdepodobne by ste ho nepoužívali. Je nevyhnutné pokryť všetky kľúčové funkcionality, aby systém bol skutočne použiteľný.;9;B;4;C;/images/S0U2/290202_usecase.png;"V Use Case diagrame je názov prípadu použitia ""Zanechať spätnú väzbu"" postačujúci a nie je potrebné ho rozširovať o frázy ako ""hodnotiť svoje skúsenosti"". Rovnako sa neodporúča modelovať tento prípad použitia cez include, keďže zanechanie hodnotenia nie je povinnou súčasťou procesu. Podobne to platí aj pre správu osobného účtu – nie je vhodné používať include medzi ""spravovať účet"" a ""spravovať osobné údaje""/""prehliadať históriu objednávok"", keďže tieto činnosti nie sú vždy nevyhnutnou súčasťou hlavného prípadu použitia. Navyše, ""spravovať osobné údaje"" je z hľadiska významu prakticky to isté ako ""spravovať účet"", preto by bolo vhodné tieto prípady zlúčiť alebo ich jasnejšie významovo oddeliť. Vzťah extend medzi ""odoslať upozornenie o potvrdení objednávky"" a dôvodmi ako ""predpokladaný čas vyzdvihnutia"" alebo ""stav objednávky"" nie je vhodný – ide totiž o dôvody, pre ktoré sa upozornenia posielajú, nie o voliteľné rozšírenia prípadu použitia. V tomto prípade je správnejším riešením generalizácia. Zvážiť možno aj generalizáciu medzi aktérmi, napríklad medzi manažérom a zamestnancom, ak obaja zdieľajú spoločné prípady použitia s možnosťou ich špecifického správania.";6;Fx;5;C;/images/S0U3/290202_activity.png;Práca pôsobí ako dobrý začiatok, ale pre komplexnejšie pochopenie procesu by bolo vhodné doplniť niektoré prechodové stavy alebo rozhodovacie uzly.;5;Fx;5;C;/images/S0U4/290202_class.png;V súčasnom návrhu je Guest dedičom Person, čo je nevhodné. Hosť je anonymný používateľ – typicky nie je registrovaný, a systém o ňom nesmie uchovávať osobné údaje, ako sú meno, adresa či telefónne číslo. Takéto napojenie porušuje zásady ochrany osobných údajov (napr. GDPR) a je logicky nekorektné – hosť nemá byť „osoba v systéme“, ale skôr „dočasný klient bez profilu“. Okrem iného atribút phoneNumber je v triede Person typu int, čo je tiež nekorektné. Platba je v návrhu naviazaná na ParkingLot, čo nedáva logický zmysel. Platbu vždy vykonávate za konkrétny lístok (ParkingTicket), nie priamo za celé parkovisko. Momentálne má Vehicle väzbu na ParkingLot, pričom ParkingTicket je pridaný až neskôr. To však nereflektuje reálnu logiku. Najskôr príde vozidlo, dostane lístok (ticket), a tým je „zaradené“ do parkoviska. Parkovanie sa realizuje cez lístok, nie priamym vzťahom medzi Vehicle a ParkingLot.;8;D;4;C;/images/E0A1/290202_usecase.png;7;E;7;E;C;/images/E0A2/290202_activity.png;5;Fx;5;Fx;C;/images/E0A3/290202_class.png;4;Fx;5;Fx;C
80;290203;T;D;/images/S0U1/290203_requirements.png;Riešenie je spracované na veľmi dobrej úrovni, najmä z obsahového hľadiska. Požiadavky sú premyslené, avšak formulácia týkajúca sa „viditeľnosti celého systému pre admina“ nie je úplne šťastná, keďže ide skôr o nefunkčnú požiadavku. Bolo by vhodné ju presnejšie špecifikovať alebo rozdeliť na konkrétne funkčné aspekty. S ohľadom na formálnu stránku ďalších požiadaviek by bolo vhodné upraviť text tak, aby bol konzistentnejší a zrozumiteľnejší.;10;A;5;D;/images/S0U2/290203_usecase.png;Aké máte spoločné vlastnosti s Vaším počítačom? Pretože nemyslím si, že niečo máte spoločné či namiesto očí máte RTX 5090? Podobne teda zákazník, zamestnanec ani manažér nemôžu dediť od systému, pretože nemajú spoločné vlastnosti a nejde o hierarchický vzťah. Dedičnosť medzi aktérmi má zmysel len medzi živými rolami so spoločným správaním (napr. zamestnanec a manažér). Okrem toho, systém ako pasívny aktér musí byť v diagrame vždy umiestnený na pravej strane – ide o konvenciu, ktorá zvyšuje prehľadnosť. Diagram pôsobí ako základná kostra – niektoré časti by si priam pýtali rozšírenie, najmä z pohľadu rôznych rolí a ich interakcií.;6;Fx;5;D;/images/S0U3/290203_activity.png;"Pokus o využitie swimlines je fajn, ale neduplikujeme účastníkov procesu – zákazník je len jeden, netreba ho znázorňovať viackrát. Akcia ""zaregistrovať sa"" nie je atomická, ide skôr o proces, ktorý môže byť modelovaný ako štruktúrovaná aktivita (napr. zadanie údajov, overenie, potvrdenie). Chýba koncový uzol čo verím, že už dnes viete že predstavuje chybu. Logika diagramu je miestami nejasná – napríklad niektoré prechody nedávajú zmysel, alebo chýba rozhodovanie, kde by ho používateľ očakával. Z hľadiska formy chýbajú pokročilejšie prvky.";5;Fx;4;D;/images/S0U4/290203_class.png;Prečo je oddelená logika platby od logiky parkovania? Aktuálne je entita Payment naviazaná priamo na entitu User, avšak úplne chýba prepojenie na to, za čo sa platí – teda na konkrétny ParkingTicket. Bez tejto väzby je platba v systéme nelogická, akoby bola vykonaná „len tak“, bez súvisiacej služby. V reálnom svete je však platba vždy viazaná na konkrétny lístok, za parkovanie konkrétneho vozidla, v konkrétnom čase. Zároveň návrh vytvára nejasnosti v zodpovednosti za platbu. User dedí od Person, ktorá vlastní vozidlo, ale Admin, ktorý takisto dedí z Person, zrejme platbu nevykonáva – podľa návrhu totiž nemá väzbu na Payment. Týmto sa implicitne predpokladá, že Admin je z pohľadu parkovania neplatiteľ, čo nie je konzistentné. V praxi môže aj administrátor zaparkovať vozidlo, ak ide o zamestnanecký účet. Návrh preto neodlišuje, kto má právo na parkovanie a kto má povinnosť platiť. ;7;E;4;D;/images/E0A1/290203_usecase.png;8;D;7;E;D;/images/E0A2/290203_activity.png;7;E;7;E;D;/images/E0A3/290203_class.png;7;E;7;E;C
81;290204;Ai;C;/images/S0U1/290204_requirements.png;Požiadavky sú logicky členené, formálne správne a obsahovo pokrývajú navrhovaný systém, čo prispieva k prehľadnosti a kvalite návrhu.;10;A;5;C;/images/S0U2/290204_usecase.png;Use case diagram nevyužíva žiadne vzťahy medzi prípadmi použitia, aj keď by sa tam prirodzene hodili. Diagram tým stráca možnosť znázorniť opakujúce sa alebo podmienené správanie systému a pôsobí príliš plochým dojmom.;7;E;3;C;/images/S0U3/290204_activity.png;Niektoré časti diagramu sú trochu nejasné alebo zjednodušené – bolo by dobré si ešte raz prejsť pravidlá UML a skontrolovať symboly.;7;E;3;C;/images/S0U4/290204_class.png;Trieda Guest reprezentuje neprihláseného používateľa, ktorý ešte nemá účet. Nemôže byť preto asociáciou napojený na Person. Správne by mal mať iba use vzťah na rozhranie (ak by existovalo) a len po registrácii by vznikol objekt typu Person. Platba je síce naviazaná na Booking, ale chýba informácia kto platí. V reálnych systémoch je nevyhnutné vedieť subjekt platby pre spätné dohľadanie. ShowSeat je stavová reprezentácia konkrétneho sedadla v danom čase (Show) — t.j. je to potomok CinemaHallSeat. Správne má byť modelovaná dedičnosť medzi ShowSeat → CinemaHallSeat. Show musí byť premietaný v konkrétnej kinosále. V návrhu chýba táto väzba. Atribúty ako film_length, number_of_seats, show_begins, show_ends, capacity majú zadefinované zlé dátové typy (text).;9;B;4;C;/images/E0A1/290204_usecase.png;9;B;9;B;C;/images/E0A2/290204_activity.png;8;D;8;D;C;/images/E0A3/290204_class.png;8;D;5;Fx;B
82;290205;Ai;C;/images/S0U1/290205_requirements.png;Požiadavky sú logicky členené, formálne správne a obsahovo pokrývajú navrhovaný systém, čo prispieva k prehľadnosti a kvalite návrhu.;10;A;4;C;/images/S0U2/290205_usecase.png;V návrhu sa namiesto použitia rozšírenia (extend) alebo abstrakcie mala použiť generalizácia. Okrem toho je potrebné zdôrazniť, že UCD (Use Case Diagram) má za cieľ mapovať funkčné požiadavky systému. Nefunkčné požiadavky, ako napríklad nepretržitá prevádzka systému (24/7) alebo zabezpečenie odosielania správ, sa do UCD nediagramujú, a preto by mali byť riešené samostatne mimo tohto diagramu. Celkový návrh prípadov použitia je príliš jednoduchý a nepokrýva celý systém ako celok. Je potrebné sa dôkladnejšie zamyslieť nad celkovou architektúrou systému tak, aby prípady použitia zahrnuli všetky kľúčové funkcionality a interakcie, nielen vybrané časti.;6;Fx;4;C;/images/S0U3/290205_activity.png;Diagram aktivít je taktiež veľmi zjednodušený – obsahuje iba základné akcie a chybové hlásenie od systému. Navyše je nesprávne namodelovaný „interrupt flow“, čo znižuje výpovednú hodnotu diagramu. Celý diagram pozostáva len zo základných prvkov a nezachytáva komplexnejšie logické toky alebo rozhodovacie body, ktoré by sa v reálnom systéme mali vyskytovať. Pre kvalitný a realistický návrh je potrebné diagram výrazne rozšíriť a zahrnúť ďalšie prvky z prednášok.;5;Fx;3;C;/images/S0U4/290205_class.png;V dátovom type Address sú všetky hodnoty typu int – čo nedáva zmysel napríklad pri street, kde by sa mal nachádzať reťazec. Rovnako city a house_number môžu ostať ako int, ale street a postal_code by mali byť typu string. Trieda Bankomat nemá definované žiadne prepojenie s inými triedami okrem ParkingLot, a jej metódy (pay_ticket(Account) a take_money()) nie sú v návrhu ďalej previazané s platbou alebo stavom lístka. Jej opodstatnenie v návrhu je nejednoznačné. Triedy ako ElectricCar, Motorbike, Car obsahujú rovnaké metódy ako nadradená trieda Vehicle. Ak sú tieto implementácie rovnaké, môže byť lepšie využiť polymorfizmus bez duplikácie. Použitie enumerácie VehicleType je redundantné, ak už máme dedičnosť medzi Vehicle a podtriedami ako Car, ElectricCar, atď. Buď sa použije polymorfizmus a dedičnosť s metódou assign_ticket() špecifickou pre každý typ, alebo sa ponechá len Vehicle s atribútom VehicleType.;7;E;4;C;/images/E0A1/290205_usecase.png;8;D;7;E;C;/images/E0A2/290205_activity.png;7;E;6;Fx;C;/images/E0A3/290205_class.png;7;E;5;Fx;B
83;290206;Ai;A;/images/S0U1/290206_requirements.png;Požiadavky sú logicky členené, formálne správne a obsahovo pokrývajú navrhovaný systém, čo prispieva k prehľadnosti a kvalite návrhu.;10;A;5;A;/images/S0U2/290206_usecase.png;V prvom rade, používatelia systému (aktéri) nie sú správne identifikovaní. Ďalej, prípady použitia nie sú správne formulované. Názvy prípadov použitia by mali jasne a jednoznačne vyjadrovať konkrétne činnosti, ktoré aktéri vykonávajú so systémom. Odporúčam používať opisné názvy vo formáte slovies ako napríklad „Zaregistrovať používateľa“, „Vytvoriť objednávku“ a podobne. V dokumentácii takisto chýba názov systému. Je dôležité, aby bol systém jasne pomenovaný, aby bolo hneď zrejmé, ku ktorému projektu alebo aplikácii sa dokumentácia vzťahuje.;9;B;5;A;/images/S0U3/290206_activity.png;V diagrame aktivít je metodologická chyba: dve vetvy tokov ovládania vstupujú priamo do jednej akcie, čo nie je správne. Podľa správnej notácie UML je v takomto prípade potrebné použiť merge node na spojenie tokov ovládania pred vstupom do jednej akcie.;7;E;5;A;/images/S0U4/290206_class.png;Diagram pôsobí na prvý pohľad pomerne jednoducho, ale obsahuje niekoľko nejasností. Vzťah medzi Seller a Real Estate nie je úplne jasný – podľa diagramu to vyzerá, že každá nehnuteľnosť má práve jedného predajcu, ale predajca môže predávať len jednu nehnuteľnosť, čo je pravdepodobne chyba. V realite by mal predajca predávať viacero nehnuteľností. V diagrame je veľa prepojení medzi triedami (najmä medzi Customer, Seller, Real Estate, Chat, Meeting...), ale chýbajú označené názvy vzťahov a ich násobnosti. Bez toho sa ťažko určuje smer interakcie a význam vzťahu. Odporúčam každý vzťah doplniť o názov a jasne definovanú násobnosť. ;9;B;4;A;/images/E0A1/290206_usecase.png;8;D;7;E;A;/images/E0A2/290206_activity.png;9;B;9;B;A;/images/E0A3/290206_class.png;7;E;6;Fx;D
84;290207;Ai;C;/images/S0U1/290207_requirements.png;Požiadavky sú logicky členené, formálne správne a obsahovo pokrývajú navrhovaný systém, čo prispieva k prehľadnosti a kvalite návrhu.;10;A;5;C;/images/S0U2/290207_usecase.png;Diagram prípadov použitia je spracovaný správne, avšak hranica systému nie je pomenovaná, čo je formálna chyba. ;10;A;5;C;/images/S0U3/290207_activity.png;Diagram aktivít je v aktuálnej podobe pomerne jednoduchý, čo je pre účely zápočtu akceptovateľné a postačuje. Obsahuje základnú kostru procesu, čo je dobrý základ, ale do budúcna bude potrebné návrh výrazne rozšíriť a spracovať ho komplexnejšie a podrobnejšie, aby realisticky pokrýval všetky procesné toky systému.;7;E;5;C;/images/S0U4/290207_class.png;Jedným z hlavných problémov je návrh triedy ParkingTicket, ktorá je aktuálne prepojená na entitu Person, Vehicle aj ParkingSpot, pričom všetky tieto väzby sú v modeli definované ako 1:1. Takýto návrh je však z hľadiska reality nepresný. V praxi môže mať vozidlo viacero lístkov (napríklad pri viacerých vjazdoch za deň), čo znamená, že vzťah medzi Vehicle a ParkingTicket by mal byť 1:N. Rovnako by mal byť aj jeden Person schopný vlastniť alebo priamo spájať viacero vozidiel, čo však v návrhu úplne chýba – medzi Person a Vehicle neexistuje žiadna väzba. Ďalší problém súvisí s triedou Payment. Hoci je správne prepojená s ParkingTicket, návrh neobsahuje žiadnu väzbu na entitu Person, Account alebo inú identitu používateľa, čo znamená, že nie je jasné, kto danú platbu uskutočňuje. Vzhľadom na to, že parkovanie je viazané na konkrétne osoby alebo účty, je táto väzba zásadná a jej absencia vážne narúša integritu návrhu. Z pohľadu zodpovednosti objektov je otázna aj súčasná pozícia entity Account. Hoci je pripojená k Person a Admin, nemá žiadnu spojitosť s Vehicle ani Payment, čím sa stráca jej význam ako centrálny používateľský uzol. V praxi by práve Account mal reprezentovať identitu, cez ktorú používateľ vlastní vozidlá, získava lístky a vykonáva platby. Rovnako nevhodné je jednotné 1:1 prepojenie medzi ParkingTicket a ParkingSpot. Zatiaľ čo jeden lístok je vždy viazaný na jedno parkovacie miesto, parkovacie miesto môže byť opakovane obsadené rôznymi vozidlami, a teda aj rôznymi lístkami. Preto aj tu by mal byť vzťah definovaný ako 1:N (jeden ParkingSpot, viacero ParkingTicket). Z hľadiska typovania sa objavuje viacero chýb – napríklad dátový typ price v triede Payment je int, čo je nevhodné pre finančné operácie, kde sa bežne používajú desatinné hodnoty (float alebo decimal). Navyše, v niektorých triedach sa opakuje použitie first_name, last_name aj tam, kde to nie je potrebné (napr. pri CreditCard či MembershipCard), čím vzniká duplicita údajov, ktoré by mali byť naviazané na používateľa, nie na platobnú metódu.;7;E;3;C;/images/E0A1/290207_usecase.png;8;D;8;D;C;/images/E0A2/290207_activity.png;7;E;7;E;C;/images/E0A3/290207_class.png;0;Fx;0;Fx;C
85;290208;T;D;/images/S0U1/290208_requirements.png;"V riešení nie je splnený požadovaný rozsah a požiadavky sa pre viaceré zainteresované strany opakujú, čo znižuje celkovú hodnotu návrhu. Rovnako ""oprávnenia"" nemožno považovať za funkčnú požiadavku – ide skôr o aspekt prístupových práv alebo rolí v systéme. Oceňujem, že ste správne zadefinovali používateľov systému, čo je veľmi dobrý základ. Bolo by však potrebné zamyslieť sa nad ich úlohami a interakciami so systémom, tak aby návrh pôsobil komplexne, logicky a reflektoval všetky dôležité funkcionality.";7;E;4;D;/images/S0U2/290208_usecase.png;"V návrhu systému sú aktéri identifikovaní správne, na druhej strane však nie je možné akceptovať prípady použitia ako napríklad ""prvé dva týždne semestra..."", keďže ide skôr o podmienku alebo časové obmedzenie, nie o samostatný prípad použitia. Pri diagrame prípadov použitia je dôležité myslieť aj na jeho formálnu stránku. Treba ho vnímať ako prvotný náčrt systému a vyvarovať sa zahlteniu detailnými podmienkami alebo prílišnou komplexnosťou. Rozširujúce vzťahy sú použité v poriadku, no už na hranici nadbytočnosti. Napríklad, informácie o každom kurze mohli byť úplne vynechané, pretože neprinášajú zásadnú hodnotu pre celkový prehľad. Rovnako akcie ako pridávanie a odstraňovanie kurzov mohli byť zjednodušené tak, že by boli priamo napojené na aktéra ""študent"", čo by zvýšilo zrozumiteľnosť diagramu.";8;D;5;D;/images/S0U3/290208_activity.png;Čo sa týka diagramu aktivít, ten pôsobí pomerne jednoducho a skôr znázorňuje všeobecný postup, než aby presne odzrkadľoval modelovaný systém. Z návrhu môže vzniknúť dojem, že študent je automaticky zaregistrovaný do kurzu, čo však nie je pravda. V skutočnosti je potrebné kontrolovať podmienky, ako napríklad počet prihlásených študentov alebo priradenie učiteľa ku kurzu. Na tieto aspekty je potrebné si dať pozor, aby diagram správne reflektoval logiku systému. Je vhodné, aby bol proces registrácie znázornený realistickejšie a zodpovedal modelovaným pravidlám.;7;E;5;D;/images/S0U4/290208_class.png;V návrhu je jediným subjektom, ktorý dokáže vytvárať rezervácie, FrontDeskOfficer. V bežnom systéme má túto možnosť každý zákazník, t. j. objekt typu Person alebo Customer, čím sa výrazne zvyšuje použiteľnosť systému. Trieda Payment obsahuje prehľad o zaplatených rezerváciách, ale nie je napojená na používateľa, ktorý platbu realizuje. Tým pádom nie je možné spätne určiť, kto zaplatil – čo je vážna chyba napr. pri reklamáciách či audite. Nesprávny vzťah CinemaHallSeat a ShowSeat. návrhu majú tieto dve entity 1:1 asociáciu, čo nedáva zmysel. Správne má byť dedičnosť, kde ShowSeat dedí zo CinemaHallSeat, keďže ide o rovnaké fyzické sedadlo, len počas konkrétneho premietania. Vzťah Booking – Show je nesprávne 1:1, jedno premietanie (Show) si môže zarezervovať viacero ľudí, teda väzba musí byť 1 show : 0..* bookings. V aktuálnom návrhu je to obmedzené len na jeden Booking na jedno Show. Momentálne je Movie napojené iba na Show, ktorá je napojená na CinemaHall. Hoci to nie je kritická chyba, pre väčšiu flexibilitu (napr. zobrazenie zoznamu kín, ktoré daný film premietajú) je vhodné Movie prepojiť aj priamo s Cinema. Pole length v Movie je typu time, čo nie je vhodné – ideálne je int (napr. minúty) show.begins_at a ends_at môžu byť datetime, nie string alebo time. ;8;D;3;D;/images/E0A1/290208_usecase.png;9;B;9;B;D;/images/E0A2/290208_activity.png;9;B;10;A;D;/images/E0A3/290208_class.png;9;B;10;A;C
86;290209;Ai;A;/images/S0U1/290209_requirements.png;Požiadavky sú jasne štruktúrované, logicky usporiadané a formálne správne formulované. Počet požiadaviek (min. 15) je dodržaný a ich obsah dostatočne pokrýva navrhovaný systém. ;10;A;5;A;/images/S0U2/290209_usecase.png;Diagram je spracovaný prehľadne, no priestor na zlepšenie vidím najmä v rozšírení prípadov použitia z pohľadu zamestnanca. Ich podrobnejšie spracovanie by mohlo významne prispieť k celkovej komplexnosti modelu.;10;A;5;A;/images/S0U3/290209_activity.png;Diagram aktivít je funkčný a diagram vystihuje hlavnú logiku procesu. Pre vyššiu úroveň by však bolo vhodné zapracovať na formálnej stránke a doštudovať si notáciu.;9;A;5;A;/images/S0U4/290209_class.png;Nie je jasné, kto sú používatelia systému, ktorí vytvárajú požiadavky, prehliadajú ponuky a komunikujú. Trieda Account je síce prítomná, ale absentuje jasná rola „zákazníka“ (napr. kupujúceho alebo záujemcu), čo je základná entita v takomto systéme. Article, Page, Info, Contact pôsobia ako prvky používateľského rozhrania alebo CMS systému, nie ako základné doménové triedy realitného portálu. Diagram používa enum BuildingType na rozlíšenie medzi typmi nehnuteľností (napr. Flat, House, Hotel). Toto riešenie je síce jednoduché, ale nevhodné pre objektovo-orientovaný návrh, pretože obmedzuje rozšíriteľnosť a nereflektuje rozdiely medzi jednotlivými typmi nehnuteľností. Na vzťahoch chýbajú násobnosti, čo sťažuje pochopenie, ako sú triedy medzi sebou previazané. Triedy majú veľmi málo alebo žiadne metódy. Class diagram má okrem atribútov zachytávať aj správanie objektov. Ak má byť v systéme interface, musí byť realizovaný niektorou triedou (napr. pomocou <> vzťahu). V tomto diagrame je síce naznačený vzťah <>, ale nie je zrejmé, či je to implementované alebo len používané. UML class diagram by mal rozlišovať medzi použitím a implementáciou.;7;E;4;A;/images/E0A1/290209_usecase.png;7;E;7;E;A;/images/E0A2/290209_activity.png;8;D;9;B;A;/images/E0A3/290209_class.png;7;E;6;Fx;B
87;290210;T;D;/images/S0U1/290210_requirements.png;Správne ste identifikoval a jasne opísal funkčné požiadavky systému. Formulácie sú vecné a zodpovedajú štandardom softvérového inžinierstva.;10;A;5;D;/images/S0U2/290210_usecase.png;Z diagramu je jasne vidieť, že sa v problematike orientujete na veľmi dobrej úrovni aj napriek absecií na cvičení . Aktéri sú vhodne identifikovaní a prípady použitia pokrývajú kľúčové interakcie.;9;B;5;D;/images/S0U3/290210_activity.png;V rámci aktivity diagramu platí, že je možné modelovať viacero počiatočných bodov, no z jedného počiatočného uzla (initial node) nemôže viesť tok naraz do viacerých akcií. Samotný diagram pôsobí lineárne a pomerne jednoducho – obsahuje len akcie a dva rozhodovacie uzly, bez pokročilejších konštrukcií. Na účely zápočtu je to postačujúce, ale pri skúške by takéto riešenie nesplnilo požadovanú hranicu 70 %, nakoľko chýba komplexita. Odporúčam do budúcnosti rozšíriť diagram o ďalšie prvky.;9;B;5;D;/images/S0U4/290210_class.png;Trieda navstevnik by nemala byť prepojená s Ucet, pretože návštevník ešte nie je zaregistrovaný používateľ. Z pohľadu návrhu je vhodnejšie, aby mal návštevník možnosť „použiť“ rozhranie (cez stereotyp <>), ktorým si vytvorí účet, čím sa stáva systémovým používateľom. Prepojenie ako je to teraz (asociácia s účtom) je nesprávne. V súčasnom modeli chýba násobnosť medzi rezervacia a premietanie. Každé jedno premietanie môže byť predmetom viacerých rezervácií, takže tu by mal byť jednoznačný vzťah 1:N medzi premietanie (1) a rezervacia (0..*). Trieda sedadlo síce obsahuje informáciu o type (Seat type), ale chýba rozlíšenie, ktoré konkrétne sedadlá sú obsadené počas konkrétneho premietania. To by mala riešiť ďalšia trieda, napríklad ShowSeat, ktorá by mala obsahovať informáciu o konkrétnom sedadle (referencia na sedadlo), premietaní, ku ktorému patrí, status sedadla (napr. voľné, rezervované), prípadne referenciu na rezerváciu (kto si ho zarezervoval). Bez tejto triedy nie je možné evidovať, ktoré sedadlá sú obsadené pri konkrétnej show – čo je zásadná súčasť funkcionality kina. Definovanie rozhrania (interface) je správny krok, ale v návrhu chýba trieda, ktorá toto rozhranie realizuje. Samotný interface nemôže existovať bez implementácie. Napríklad trieda program alebo katalog by mohla rozhranie implementovať a navstevnik ho potom môže používať pomocou vzťahu stereotypu.;8;D;5;D;/images/E0A1/290210_usecase.png;9;B;8;D;D;/images/E0A2/290210_activity.png;7;E;8;D;D;/images/E0A3/290210_class.png;9;B;8;D;B
88;290211;Ai;B;/images/S0U1/290211_requirements.png;Vaše riešenie je dobre spracované – požiadavky sú jasne štruktúrované, logicky usporiadané a formálne na dobrej úrovni.;10;A;5;B;/images/S0U2/290211_usecase.png;Medzi prípadmi použitia nikdy nemodelujeme asociáciu – tie patria výlučne medzi aktérov a prípady použitia. Spoje medzi samotnými prípadmi použitia musia byť buď include, extend, alebo generalizácia, nikdy obyčajná čiara. Vzťahy include a extend sú nekonzistentné a nesprávne použité. Niekde je include správne nasmerovaný, inde opačne. Prípady ako zaslať objednávku a sledovať stav objednávky nie sú povinné súčasti iných prípadov, preto by mali byť modelované ako rozšírenia cez extend, nie include. Zaslať potvrdenie, predpokladaný čas a zmeny v objednávke sú typy upozornení, nie samostatné prípady použitia so vzťahom extend. Ide o špecifické formy správania prípadu odoslať upozornenie a správne by mali byť modelované cez generalizáciu. Rovnako, prístup k správam typu „o predaji“, „o transakciách“ nie je rozšírením, ale špecifikáciou prípadu použitia prístupu k správam – opäť by mala byť použitá generalizácia.;7;E;5;B;/images/S0U3/290211_activity.png;Diagram nepredstavuje klasický procesný tok, ale skôr stavový diagram. Nie je zrejmý jasný sled činností ani štandardná štruktúra UML aktivít. Akcie ako „spraviť platbu“, „zákazník spravil nový účet“, „prihlásiť sa“ nie sú atómové akcie, ale celé procesy, ktoré by mali byť rozdelené alebo modelované ako štruktúrované aktivity. Uzol „lebo“ nie je korektne pomenovaný a má len jednu výstupnú vetvu. Uzol „ak potrebné“ nie je rozhodovací uzol v pravom zmysle – chýba jasné vetvenie (napr. áno/nie, podmienka splnená/nesplnená). Nie je jasný začiatok ani koniec procesu. Hoci je použitý počiatočný uzol, chýba koncový bod (final node). Celkový tok je nelogický, miestami neukončený, niektoré aktivity vedú do slepých miest. Na skúške sa odporúča pracovať aj s pokročilejšími prvkami preberanými na prednáškach.;3;Fx;4;B;/images/S0U4/290211_class.png;Stereotyp primitive označuje základné typy ako int, float, char, nie komplexné triedy ako Customer, Movie alebo Booking. Označenie všetkých entít ako primitive je nesprávne a nevystihuje ich správanie ani vzťahy. Tieto triedy by mali byť buď obyčajné triedy (bez stereotypu), alebo ak ide o špecifické roly, mohli by byť označené napr. «entity», «control», atď. Vzťahy medzi entitami ako Account → Movie, Account → Show, Customer → Booking, atď. sú označené ako kompozícia (plná kosoštvorec), čo znamená, že objekt existuje iba ako súčasť nadradenej triedy. To ale nedáva zmysel – napríklad Movie nemá existovať len v kontexte účtu (Account) a zaniknúť s ním. Kompozícia sa má používať len vtedy, keď existuje silná väzba „celok-časť“ so zánikom spolu so životným cyklom nadradenej triedy (napr. Order → OrderItem, ale nie Account → Movie).;0;Fx;2;B;/images/E0A1/290211_usecase.png;0;Fx;0;Fx;B;/images/E0A2/290211_activity.png;0;Fx;0;Fx;B;/images/E0A3/290211_class.png;0;Fx;0;Fx;Fx
89;290212;Ai;A;/images/S0U1/290212_requirements.png;Požiadavky sú jasne štruktúrované, logicky usporiadané a formálne správne formulované. Počet požiadaviek (min. 15) je dodržaný a ich obsah dostatočne pokrýva navrhovaný systém.;10;A;5;A;/images/S0U2/290212_usecase.png;Diagram prípadov použitia má správne zadefinovaných aktérov, avšak v návrhu absentujú niektoré prípady použitia, ktoré priamo vyplývajú zo základných požiadaviek systému. Pre úplnosť a lepšiu zrozumiteľnosť by bolo vhodné tieto chýbajúce prípady doplniť, aby bol pokrytý celý očakávaný rozsah funkcionality systému.;9;B;5;A;/images/S0U3/290212_activity.png;Diagram aktivít je pomerne jednoduchý a skôr zachytáva všeobecné kroky, no chýba v ňom väčšia miera detailu. Nezachytáva konkrétne kroky vyplývajúce zo zadania, čo znižuje jeho praktickú výpovednú hodnotu. Mohli ste zahrnúť podmienky, na základe ktorých sa kurz zruší a tiež použiť ďalšie prvky, ktoré sú k dispozícií.;8;D;5;A;/images/S0U4/290212_class.png;Diagram je príliš jednoduchý na to, aby reprezentoval aspoň základný návrh systému pre realitný portál. Obsahuje len obmedzený počet tried, málo metód a viaceré štrukturálne nepresnosti. Systém zatiaľ reprezentuje len zákazníka, nehnuteľnosť, ponuku a notifikáciu, čo je príliš málo pre realistický návrh. Trieda Immobility ako názov nie je vhodná – odporúčam zvážiť do budúcna Property alebo RealEstate. Class diagram má obsahovať atribúty aj správanie objektov, nie byť len dátovým modelom.;7;E;4;A;/images/E0A1/290212_usecase.png;10;A;7;E;A;/images/E0A2/290212_activity.png;10;A;10;A;A;/images/E0A3/290212_class.png;9;B;6;Fx;B
90;290213;Ai;C;/images/S0U1/290213_requirements.png;Požiadavky sú logicky členené, formálne na veľmi dobrej úrovni. Po obsahovej stránke, najmä z hľadiska všetkých používateľov, je však ešte priestor na rozšírenie. Bolo by vhodné detailnejšie premyslieť, či všetky zainteresované strany majú dostatočne pokryté svoje funkcionality a či systém reflektuje všetky dôležité aspekty jeho použitia.;10;A;3;C;/images/S0U2/290213_usecase.png;Diagram prípadov použitia bohužiaľ nie je možné akceptovať v takejto podobe. Chýba hranica systému, jej označenie. Generalizácia medzi manažérom a učiteľom je vyznačená nesprávne. Takýto návrh naznačuje že každý učiteľ je zároveň aj manažér, pričom v zadaní bol uvedený presný opak a teda že každý manažér je zároveň aj učiteľom.;4;Fx;3;C;/images/S0U3/290213_activity.png;Diagram aktivít obsahuje len základné prvky. Na skúške bude potrebné pre dosiahnutie realistického návrhu, prvky výrazne rozšíriť a zahrnúť ďalšie. ;3;Fx;4;C;/images/S0U4/290213_class.png;Z návrhu nie je jasné, ako má systém fungovať. Triedy nepokrývajú hlavné doménové entity a vzťahy medzi nimi sú buď chybné, alebo úplne absentujú.;1;Fx;3;C;/images/E0A1/290213_usecase.png;6;Fx;4;Fx;C;/images/E0A2/290213_activity.png;6;Fx;5;Fx;C;/images/E0A3/290213_class.png;6;Fx;3;Fx;Fx
91;290214;Ai;C;/images/S0U1/290214_requirements.png;V aktuálnej podobe chýbajú kľúčové funkcionality, ktoré sú nevyhnutné pre plnohodnotný a komplexný systém. Odporúčam detailnejšie premyslieť, aké akcie môžu jednotliví používatelia vykonávať, aby systém reflektoval všetky ich potreby. Tiež by bolo dobré vylepšiť formálnu stránku riešenia, aby boli požiadavky presnejšie definované a jednoznačne pochopiteľné.;9;B;4;C;/images/S0U2/290214_usecase.png;"Návrh nezabezpečuje, aby každý aktér videl len svoje kurzy. Na tento účel je potrebné vytvoriť všeobecnú entitu ""Používateľ"", ktorej priradíte prípady použitia spoločné pre všetkých aktérov (napríklad ""prehliadať kurzy"", ""prihlásiť sa na kurz"" atď.). Ostatní aktéri (študent, učiteľ, manažér) by následne dedili funkcionalitu od tejto entity. Učiteľ v žiadnom prípade nemôže dediť funkcionalitu študenta. Tieto role sú jasne odlišné — učiteľ neplní úlohy študenta, ako je odovzdávanie úloh a rôzne iné. Použitie generalizácie medzi týmito dvoma aktérmi je metodologicky nesprávne. Použitie vzťahu include medzi „Prihlásiť sa na kurz“ a „Zobraziť dostupné kurzy“ je v tomto prípade nesprávne.
include používame, keď ide o povinnú, opakovane využívanú funkcionalitu, ktorá sa vykonáva vždy ako súčasť nadradeného prípadu použitia. V tomto prípade je „Zobraziť dostupné kurzy“ skôr predchádzajúca alebo sprievodná činnosť, ktorú používateľ vykoná samostatne ešte pred tým, ako sa rozhodne prihlásiť na konkrétny kurz. Zobrazenie kurzov nie je povinnou súčasťou samotného procesu prihlásenia — užívateľ môže poznať kód kurzu vopred a rovno sa prihlásiť, alebo si najskôr samostatne prezrieť zoznam kurzov. Preto nejde o vhodný prípad pre vzťah include . Tento vzťah by v tomto prípade skôr zbytočne znázorňoval priamu závislosť, ktorá v reálnom procese neexistuje. Ďalej si prosím dávajte pozor na formálne náležitosti diagramu — hranica systému nesmie niesť všeobecné označenie ako „Systém“. Hranica by mala byť vždy pomenovaná konkrétnym názvom modelovaného systému, aby bolo jasné, aký systém diagram reprezentuje.";5;Fx;4;C;/images/S0U3/290214_activity.png;Diagram aktivít je pomerne jednoduchý, pôsobí neúplne – chýbajú niektoré základné aktivity a väzby medzi nimi nie sú vždy zmysluplné. Bolo by dobré dôkladnejšie si naštudovať logiku postupnosti činností.;4;Fx;3;C;/images/S0U4/290214_class.png;Návrh UML diagramu parkovacieho systému vykazuje závažné štrukturálne nedostatky, najmä v oblasti dedičnosti, redundancie a nesprávne navrhnutých väzieb medzi entitami. Jednou z najzásadnejších chýb je dedičnosť medzi entitami account a customer, ako aj admin a customer. Tento vzťah je nelogický, keďže účet (account) nie je druh zákazníka (customer), ale jeho technická reprezentácia pre prihlasovanie do systému. Podobne, admin ako správcovský subjekt systému určite nemá patriť pod zákazníka, a teda by nemal od customer dediť. Dedičnosť je v tomto prípade nesprávne použitá – vhodnejšie by bolo modelovať customer, admin a account ako samostatné entity s jasne definovanými väzbami (napr. customer má account). Ďalším vážnym nedostatkom je nekonzistentná väzba medzi vehicle, reservation a parking_ticket. Z návrhu vyplýva, že vehicle je prepojené len na customer, no nie na rezervácie ani parkovacie lístky, hoci práve vozidlo je entita, ktorá sa fyzicky parkuje a pre ktorú sa rezervácia vytvára. Naopak, parking_ticket je pripojený cez reservation, čo je redundantné – rezervácia aj lístok slúžia na rovnaký účel (rezervácia miesta), pričom v návrhu figurujú ako dve paralelné triedy bez jasného rozlíšenia ich úloh. Tento chaos vytvára duplicitné toky informácií a komplikácie pri implementácii systému. Trieda payment je prepojená len s reservation, čo naznačuje, že sa platí len za rezerváciu, ale nie za vystavený parkovací lístok. Okrem toho, nie je v návrhu jasné, kto konkrétne platbu vykonáva – payment nemá väzbu na customer alebo account, čo v praxi znemožňuje dohľadateľnosť platby a správne priradenie transakcie ku konkrétnemu používateľovi. Problémom je aj trieda notification, ktorá je naviazaná len na jednu rezerváciu, čím sa predpokladá, že každá rezervácia vytvorí len jednu notifikáciu, čo v reálnych systémoch nie je pravda. Udalostí, ktoré môžu viesť k notifikáciám (zmena stavu, expirácia, úspešná platba a pod.), je viacero. Notifikácie preto musia byť modelované ako samostatne generovateľné z viacerých zdrojov, nie ako jednoznačný produkt jednej rezervácie alebo platby.;7;E;3;C;/images/E0A1/290214_usecase.png;8;D;7;E;C;/images/E0A2/290214_activity.png;8;D;6;Fx;C;/images/E0A3/290214_class.png;7;E;6;Fx;C
92;290215;Ai;C;/images/S0U1/290215_requirements.png;Požiadavky sú logicky členené, formálne správne a obsahovo pokrývajú navrhovaný systém, čo prispieva k prehľadnosti a kvalite návrhu.;10;A;5;C;/images/S0U2/290215_usecase.png;Stereotyp include je nesprávne vyznačený — smerovanie šípky je chybné, mala by viesť od nadradeného prípadu k zahrnutému prípadu použitia. Inak je diagram prípadov použitia správne vypracovaný. ;10;A;5;C;/images/S0U3/290215_activity.png;Diagram aktivít je veľmi dobre vypracovaný, zvážte do budúcna zahrnúť ďalšie prvky, ako sú viac rozhodovacích uzlov pre spracovanie rôznych podmienok, merge nodes na správne spájanie rozhodovacích ciest, swimlanes pre rozlíšenie zodpovedností jednotlivých aktérov alebo systémových zložiek, paralelné toky, ak proces umožňuje vykonávanie činností súbežne.;9;B;5;C;/images/S0U4/290215_class.png;Momentálne medzi Show a Booking je modelovaný vzťah 1:1, čo znamená, že každá show by mohla mať len jednu rezerváciu. To ale nie je správne a očakávané správania – jedno predstavenie má zvyčajne množstvo rezervácií. Vzťah teda treba opraviť na 1:N (t. j. Show má viac Booking). Platba je v návrhu správne napojená na Booking, ale nie je zrejmé, kto platí. Aby sa dalo spätne určiť, kto rezerváciu a následne platbu vykonal, mal by byť Payment napojený aj na Customer (napr. cez referenciu payer: Customer). V praxi tak môžeme identifikovať nielen za čo sa platí, ale aj kto platí, čo je dôležité napríklad pre vystavenie účtenky, správu refundácií alebo podporu používateľov.;9;B;5;C;/images/E0A1/290215_usecase.png;10;A;10;A;C;/images/E0A2/290215_activity.png;10;A;10;A;C;/images/E0A3/290215_class.png;9;B;10;A;A
93;290216;Ai;C;/images/S0U1/290216_requirements.png;Požiadavky sú logicky členené, formálne správne a obsahovo pokrývajú navrhovaný systém, čo prispieva k prehľadnosti a kvalite návrhu.;10;A;5;C;/images/S0U2/290216_usecase.png;Use case diagram predstavuje základnú štruktúru systému, no v niektorých oblastiach pôsobí príliš všeobecne. Viaceré prípady použitia by bolo vhodné rozpracovať podrobnejšie, najmä z pohľadu jednotlivých rolí, ako je napríklad zamestnanec alebo administrátor. Taktiež by bolo užitočné využiť vzťahy typu <<include>> alebo <<extend>> tam, kde sa opakujú alebo rozširujú funkcionality.;5;Fx;3;C;/images/S0U3/290216_activity.png;Diagram je ťažko čitateľný pre externého používateľa – chýbajú popisy, usporiadanie je neprehľadné a nie je jasné, kde proces začína a končí.;6;Fx;3;C;/images/S0U4/290216_class.png;Trieda parking_cas obsahuje len čas a je asociovaná s osobou. Čo to presne znamená? Kedy osoba „má čas parkovania“? Ak sa myslí časový údaj spojený s parkovaním, ten by mal byť súčasťou napr. ParkovaciListok, alebo patriť ku konkrétnemu vozidlu na parkovacom mieste. Pridať start_time a end_time priamo do ParkovaciListok, prípadne modelovať triedu PobytNaParkovisku s odkazmi na osobu, vozidlo, miesto a čas. Platba kompozíciou pripojená na osoba. Kompozícia tu hovorí, že ak zanikne osoba, zanikne aj platba, čo nedáva zmysel – platba by mala byť samostatný objekt naviazaný skôr na ParkovaciListok, príp. Ucet. Tiež nevieme, za čo osoba platí – nie je tam prepojenie medzi platba a lístok, miestom, ani automatom. V súčasnosti je medzi Vozidlo a ParkovaciListok vzťah 1:1, čo je chyba – vozidlo môže mať za deň viacero lístkov (napr. v prípade viacerých vstupov). Neobsahuje nič iné než time: DATETIME, čo je redundantné – na tento účel sa nezakladá samostatná trieda. Čas má byť atribút v inej triede, nie vlastná entita.;8;D;5;C;/images/E0A1/290216_usecase.png;7;E;6;Fx;C;/images/E0A2/290216_activity.png;6;Fx;5;Fx;C;/images/E0A3/290216_class.png;7;E;5;Fx;C
94;290217;T;D;/images/S0U1/290217_requirements.png;Odporúčam však ešte trošku jasnejšie formulovať požiadavky a pri používateľoch sa zamerať na jedinečné funkcie, namiesto prílišného sústredenia sa na detaily jednej funkcionality, ako sú CRUD operácie.;10;A;5;D;/images/S0U2/290217_usecase.png;Už tretíkrát sa pozerám na toto isté riešenie. Nerozumiem logike, prečo je prípad použitia Vykonať platbu rozšírením (extend) Zanechať spätnú väzbu – to nedáva zmysel ani funkčne, ani logicky. Je to ako keby som si kúpila jablko a potom ako jeho rozšírenie rozkrájala hrušku na kocky. Tieto činnosti spolu nesúvisia v zmysle UML vzťahov. Zároveň aktéri zamestnanec a manažér nie sú dotiahnutí. Ak už pracujete v trojici, bolo by vhodné, aby si každý aspoň zobral jedného aktéra a poriadne ho rozpracoval. Tak by mohol vzniknúť jeden dobrý návrh.;9;B;5;D;/images/S0U3/290217_activity.png;Hoci sú vytvorené dva diagramy aktivít, ani po ich spojení by nevznikol jeden plnohodnotný návrh. Oceňujem, že swimlines boli identifikované správne, ale práve preto sa pýtam – prečo sa to celé nedalo spojiť do jedného prehľadného diagramu, keď už rozdelenie rolí bolo zjavne zvládnuté? Odporúčam doučiť sa, ako aktivity diagram funguje – čo jednotlivé prvky (ako fork, join, objekty, dátové toky, podmienky) skutočne znamenajú a ako sa používajú. Bez nich zostáva návrh len na úrovni minimálneho základu. Napríklad „Platba“ nie je len jeden krok „Platba“ – ak sa má modelovať seriózne, ide o komplexný proces, ktorý môže obsahovať overenie platobných údajov, reakcie systému, potvrdenie, prípadnú chybu, opakovanie, atď. To by pokojne vydalo na samostatný podsystém – a určite si zaslúži podrobnejšie spracovanie.;8;D;5;D;/images/S0U4/290217_class.png;"Trieda LargeSpot je jediná, ktorá má SpotSize. Preto sa neodporúča vytvárať zvlášť dátový typ pre ""jednu"" triedu. V čom ešte vidím trošku problém je to, že vozidlo nie je priamo asociované so žiadnym vlastníkom (Account, Person) – vzťah owns medzi Account a Vehicle by mal byť explicitný a zreteľný (nie len cez OwnershipCertificate). Možnosť vlastníctvo ukončiť? Lístok má atribút parking_lot, ale súčasne má aj agregáciu cez belongsTo. Stačí jedno. V Vehicle je protected (#), ale v potomkoch (DieselCar,...) public. Ak sa má vyvolávať zvonku, malo by byť jednotné. Alebo zaviesť špecifickú správu request_ticket() na vyššej úrovni.";10;A;5;D;/images/E0A1/290217_usecase.png;8;D;9;B;D;/images/E0A2/290217_activity.png;8;D;7;E;D;/images/E0A3/290217_class.png;8;D;9;B;B
95;290218;Ai;C;/images/S0U1/290218_requirements.png;"Je potrebné dotiahnuť všetkých používateľov a ich interakcie v súlade s daným systémom. Návrh by nemal veľký zmysel, ak by väčšina používateľov systému mala len 2-3 funkcionality – systém by tak nebol dostatočne využiteľný ani efektívny. Niektoré požiadavky zadefinované v systéme ako napr. ""zobrazenie informácií na webe a mobile"" nepredstavuje funkčnú požiadavku. Funkčné požiadavky by mali špecifikovať konkrétne operácie a interakcie používateľov so systémom, nie len pasívne zobrazovanie obsahu.";8;D;4;C;/images/S0U2/290218_usecase.png;"Učiteľ v žiadnom prípade nemôže dediť funkcionalitu študenta. Tieto role sú jasne odlišné — učiteľ neplní úlohy študenta, ako je odovzdávanie úloh a rôzne iné. Použitie generalizácie medzi týmito dvoma aktérmi je metodologicky nesprávne. Ďalším nedostatkom je, že návrh nezabezpečuje, aby každý aktér videl len svoje kurzy. Na tento účel je potrebné vytvoriť všeobecnú entitu ""Používateľ"", ktorej priradíte prípady použitia spoločné pre všetkých aktérov (napríklad ""prehliadať kurzy"", ""prihlásiť sa na kurz"" atď.). Ostatní aktéri (študent, učiteľ, manažér) by následne dedili funkcionalitu od tejto entity. Hranica systému je v návrhu pomenovaná príliš všeobecne, na toto si prosím dávajte pozor. Hranica systému musí byť pomenovaná konkrétnym názvom modelovaného systému, nie len všeobecným označením. Takéto formálne chyby môžu na skúške viesť k zbytočnej strate bodov. Rovnako, v návrhu sa nachádza aktér ""Systém"", ktorý nemá priradené žiadne prípady použitia — čo je z pohľadu zadania správne, pretože pasívny aktér ""Systém"" sa v návrhu vôbec nemal nachádzať. Avšak, keďže ste ho v diagrame ponechali, je to chyba. Na skúške by ste za takúto formálnu nepresnosť zbytočne stratili hneď 2 body, preto odporúčam si na to pred finálnym odovzdaním diagramu vždy dať pozor a odstrániť takéto zvyšné, nepoužívané prvky.";6;Fx;4;C;/images/S0U3/290218_activity.png;Použité prechody medzi aktivitami nie sú v súlade s logikou procesu – niektoré činnosti na seba nenadväzujú alebo sú zaradené v nesprávnom poradí.;5;Fx;5;C;/images/S0U4/290218_class.png;Pomocný dátový typ Address je definovaný so zjavne nesprávnymi dátovými typmi. Atribúty ako city, region, street sú nastavené ako int, čo je nesprávne – ide o textové hodnoty, ktoré by mali byť typu string. Takisto street_number by mal byť string, keďže čísla domov môžu obsahovať aj písmená (napr. „21B“, „12/A“). Ďalší vážny problém sa týka návrhu tried Person a Account. Medzi týmito entitami by mala byť asociácia 1:1 alebo kompozícia, kde Person obsahuje údaje o používateľovi a Account slúži ako prihlasovací alebo systémový identifikátor. Zároveň trieda Person nie je nijako prepojená so žiadnym vozidlom (Vehicle), čo je zásadný nedostatok – systém musí vedieť, ktorý používateľ vlastní ktoré vozidlá. Ďalej je problematické prepojenie medzi Person a ParkingLot, ktoré je označené ako „visits“. Táto väzba je nelogická – osoba nenavštevuje parkovisko sama osebe, ale vždy prostredníctvom vozidla. Teda ak má existovať takýto vzťah, mal by byť sprostredkovaný cez Vehicle alebo ParkingTicket, nie napriamo. Nevhodná je aj väzba medzi Vehicle a ParkingTicket, ktorá je nastavená ako 1:1. V realite však jedno vozidlo môže opakovane parkovať a teda mať viacero parkovacích lístkov. Správny vzťah by preto mal byť 1:N (vozidlo má viac lístkov). Trieda ParkingTicket má zároveň pevnú väzbu na ParkingSpot, čo je síce logické z hľadiska jednej inštancie (lístok je spojený s miestom), ale návrh nereflektuje situácie ako napr. preloženie vozidla, viacnásobné vstupy v rámci dňa alebo zmena miesta. Ak ostane prepojenie 1:1, musí byť odôvodnené a kontextovo presné. Ďalším vážnym nedostatkom je absencia väzieb medzi TicketPayment / TicketFine a konkrétnymi osobami. V súčasnosti nie je jasné, kto vykonal platbu alebo za čo dostal pokutu, čo je v reálnom systéme neakceptovateľné. Takisto trieda Notification, ktorá je odosielaná v dôsledku platby alebo pokuty, nie je naviazaná na žiadneho príjemcu – chýba tu asociácia na Person alebo Account, a rovnako aj násobnosti pri týchto vzťahoch.;7;E;5;C;/images/E0A1/290218_usecase.png;8;D;8;D;C;/images/E0A2/290218_activity.png;8;D;6;Fx;C;/images/E0A3/290218_class.png;7;E;5;Fx;C
96;290219;Ai;C;/images/S0U1/290219_requirements.png;Riešenie predstavuje veľmi dobrý základ. Odporúčam však do budúcna v návrhu pokračovať a dotiahnuť všetkých používateľov, aby systém pokrýval všetky relevantné interakcie. Nie je úplne ideálne mať systém, kde má používateľ len 2-3 požiadavky. Taký systém by pravdepodobne nebol prakticky využiteľný, pretože ak ponúka len minimálne možnosti interakcie, nemalo by ani zmysel k nemu vytvárať dokumentáciu.;10;A;4;C;/images/S0U2/290219_usecase.png;Use case diagram je vizuálne neprehľadný – prvky sú chaoticky rozmiestnené, chýba logické usporiadanie aktérov a prípadov použitia. Pre čitateľa je náročné sa v diagrame orientovať, čo znižuje jeho výpovednú hodnotu.;6;Fx;4;C;/images/S0U3/290219_activity.png;Aktivity nie sú pomenované presne a zrozumiteľne, čo sťažuje pochopenie toho, čo sa v danom kroku deje. V diagrame je potrebné používať výstižné a stručné názvy.;6;Fx;4;C;/images/S0U4/290219_class.png;Trieda Vehicle má atribút ticket, ale zároveň existuje asociácia s ParkingTicket. To je redundantné – buď sa používa priamo asociácia medzi triedami (správne), alebo sa uchováva identifikátor v atribúte, ale nie oboje súčasne. Navyše má vozidlo vzťah 1:1 na lístok, ale reálne môže získať viac lístkov v rôznych dňoch, takže by malo ísť o vzťah 1:N (Vehicle → ParkingTicket). Trieda Person má metódu payTicket(), ale nemá prepojenie na žiadny konkrétny ParkingTicket. Ako vie, ktorý lístok má zaplatiť?  Trieda ParkovaciAutomat je napojená na Payment, ale Payment nie je naviazaný na žiadnu osobu. Rovnako ako pri lístkoch – kto platil? – platby musia byť priradené ku konkrétnemu Account alebo Person.;9;B;4;C;/images/E0A1/290219_usecase.png;8;D;8;D;C;/images/E0A2/290219_activity.png;7;E;7;E;C;/images/E0A3/290219_class.png;7;E;5;Fx;B
97;290220;T;D;/images/S0U1/290220_requirements.png;Požiadavky z pohľadu zadávateľa by sa mohli viac sústrediť na kľúčové funkcionality, než len na zobrazovanie informácií a kritérií hodnotenia. Je dôležité, aby systém umožňoval aktívne interakcie a funkcionality, ktoré súvisia s jeho hlavným účelom. Z pohľadu hodnotiteľa je nevyhnutné návrh dotiahnuť, pretože ak existujú nejaké kritériá hodnotenia, logicky by mal mať hodnotiteľ možnosť úlohu ohodnotiť. Riešenie predstavuje nevyhnutné minimum, avšak je nevyhnutné rozšíriť jednotlivé požiadavky ako po obsahovej stránke, tak aj zachovať ich logickú nadväznosť.;7;E;3;D;/images/S0U2/290220_usecase.png;"Čo sa týka diagramu prípadov použitia, niektoré väzby boli použité nevhodne. Napríklad činnosti ako zobraziť dostupnú ponuku alebo vyhľadávať v ponuke nemajú byť modelované cez include, pretože zákazník nie je povinný tieto kroky vykonať automaticky v rámci iného prípadu použitia. Ide o samostatné, nezávislé akcie, ktoré si používateľ zvolí podľa potreby. Podobne ani posielanie upozornení a ich konkrétne ""dôvody"" nie sú vhodné na modelovanie pomocou include. Ak ste chceli rozlíšiť typy notifikácií, správne by bolo použiť generalizáciu medzi jednotlivými typmi upozornení. nclude slúži na povinné, znovupoužiteľné prípady, čo tu neplatí.";8;D;5;D;/images/S0U3/290220_activity.png;Diagram aktivít pôsobí veľmi jednoducho – obsahuje iba jeden rozhodovací uzol, a celkovo viac pripomína stavový diagram než modelovanie činností. Chýbajú v ňom prvky, ktoré by zvýšili výpovednú hodnotu: napríklad paralelné toky (fork/join), objekty, guard conditions a iné.;6;Fx;5;D;/images/S0U4/290220_class.png;FrontDeskOfficer, Admin, Customer a Person - všetky tieto entity predstavujú ľudí so špecifickými rolami v systéme, a preto by mali dediť od spoločnej nadradenej triedy Person, namiesto toho, aby medzi sebou mali neodôvodnené asociácie (napr. FrontDeskOfficer spojený priamo s Customer). Rozhranie v UML reprezentuje abstraktnú sadu metód, ktoré nejaká trieda implementuje. V tomto návrhu je Guest modelovaný ako interface, ale nie je nikde realizovaný (implementovaný), čo odporuje základnej UML sémantike. Navyše, Account nemôže vytvárať Guest — je to z logického pohľadu nezmysel. V Booking sú zbytočne duplikované informácie ako name, email, seatType, language, startingTime, ktoré by mali byť prepojené cez Show → Movie. V skutočnosti si zákazník rezervuje konkrétne premietanie (Show) konkrétneho filmu, nie „jazyk“ alebo „subtitles“. Tieto atribúty by mali ostať iba v Movie a k Booking by mala smerovať asociácia na Show a ShowSeat. Trieda Tickets je zbytočná, keďže obsahuje len duplikáciu toho, čo už je v Booking. Vstupenka je výstupom z Booking, nie samostatná entita. Namiesto nej by mohla existovať metóda generateTicket() v rámci Booking. Hoci Booking má atribút paymentStatus, úplne chýba trieda Payment alebo aspoň akákoľvek informácia o tom, kto, kedy a ako zaplatil. Je potrebné pridať napr. triedu Payment s väzbou na Booking a Customer. Booking neobsahuje väzbu na žiadne ShowSeat ani CinemaHallSeat. Používateľ teda nemá ako vedieť, ktoré sedadlo si rezervoval, čo je pre systém tohto typu absolútne zásadná informácia.;5;Fx;2;D;/images/E0A1/290220_usecase.png;8;D;9;B;D;/images/E0A2/290220_activity.png;8;D;8;D;D;/images/E0A3/290220_class.png;8;D;8;D;E
98;290221;T;D;/images/S0U1/290221_requirements.png;Návrh je realistický a použiteľný ako podklad pre ďalšie fázy vývoja. ;10;A;4;D;/images/S0U2/290221_usecase.png;Use case diagram je spracovaný prehľadne a jednoznačne. Aktéri aj prípad použitia sú zobrazené korektne a vzájomné vzťahy medzi nimi sú zreteľné. Diagram dobre vystihuje základné interakcie používateľov so systémom.;10;A;5;D;/images/S0U3/290221_activity.png;Musím pochváliť — diagram aktivít je spracovaný veľmi dobre, naozaj špičkovo vytvorený na základe scenárov. Na skúške však bude potrebné celý diagram vytvoriť manuálne a zároveň využiť všetky požadované prvky UML, ktoré boli preberané na prednáškach. Súčasné riešenie je výborné ako základ, ale pre skúškové hodnotenie sa očakáva komplexné spracovanie vrátane pokročilých prvkov, ako sú rozhodovacie uzly, merge nodes, swimlanes a paralelné toky, aby bol model úplný a metodologicky správny.;10;A;5;D;/images/S0U4/290221_class.png;V súčasnosti je medzi triedami ShowSeat a CinemaHallSeat asociácia (vzťah „correspondsTo“). Lepším riešením by bolo použiť dedičnosť, kde ShowSeat dedí z CinemaHallSeat a rozširuje ho o dynamický stav (status), čím sa prirodzene zachytí, že ide o „konkrétny stav konkrétneho sedadla v čase“. V systéme vystupuje iba FrontDeskOfficer, ktorý vytvára rezervácie, ale bežný používateľ (zákazník) nie je nikde modelovaný. Trieda Person je abstraktná a nepoužitá pre „Customer“ entitu. Tá by mala dediť z Person a byť napojená na Booking, čím sa umožní samostatná rezervácia zákazníkom. Trieda Payment je napojená iba na Booking, ale chýba väzba na subjekt, ktorý platbu vykonal (napr. Account alebo Customer).;10;A;5;D;/images/E0A1/290221_usecase.png;6;Fx;5;Fx;D;/images/E0A2/290221_activity.png;7;E;8;D;D;/images/E0A3/290221_class.png;6;Fx;6;Fx;B
99;290222;Ai;A;/images/S0U1/290222_requirements.png;Počet požiadaviek (min. 15) bol dodržaný, avšak, nepokrývajú systém úplne dostatočne, preto by som odporúčala do budúcna lepšie zvoliť požiadavky z pohľadu všetkých používateľov. Jednoslovné pomenovania nemusia byť vždy dostatočne zrozumiteľné pre všetky zainteresované strany.;9;B;5;A;/images/S0U2/290222_usecase.png;V návrhu systému sú aktéri správne identifikovaní, na druhej strane je potrebné venovať väčšiu pozornosť formálnej stránke zápisu prípadov použitia. Precízne a konzistentné pomenovanie zvyšuje čitateľnosť a zrozumiteľnosť diagramu. Pri kontrole ukončenia registrácie na kurz je však použitý nesprávny stereotyp vzťahu konkrétne použitie stereotypu include. Takéto použitie by v praxi znamenalo, že sa automaticky vykoná akcia, ako je napríklad vyúčtovanie za kurz, ktorý by mohol byť následne zrušený, čo by spôsobilo nelogické správanie systému. Vzťahy include by mali byť použité iba pre povinné, opakovane využiteľné časti správania, ktoré sa vykonávajú vždy, keď sa vykonáva nadradený prípad použitia. Okrem toho v návrhu chýbajú niektoré požiadavky, ktoré vyplývajú zo základných požiadaviek na systém.;8;D;5;A;/images/S0U3/290222_activity.png;Čo sa týka diagramu aktivít, ten je v aktuálnej podobe príliš zjednodušený. Diagram znázorňuje len všeobecný postup, ale neodzrkadľuje konkrétny proces registrácie podľa zadania systému. V zadaní bol proces registrácie podmienený viacerými dôležitými faktormi, ako napríklad či už uplynuli dva týždne od začiatku semestra, či je na kurze prihlásených viac ako päť študentov, a či je ku kurzu priradený pedagóg. Tieto rozhodovacie body v diagrame absentujú, čím návrh nepokrýva realistické správanie systému a pôsobí ako všeobecný náčrt namiesto plnohodnotného riešenia konkrétneho zadania.;7;E;5;A;/images/S0U4/290222_class.png;V diagrame používate Listing dvomi spôsobmi naraz – ako triedu aj ako enumeráciu (s hodnotami ako Apartment, House, Land, atď.). Toto je koncepčne nesprávne a nekonzistentné. Použiť enum ako spôsob rozlíšenia typu ponuky (napr. či ide o byt, dom, pozemok...) obmedzuje flexibilitu návrhu a nie je v súlade s OOP. Ak sa typy nehnuteľností líšia len názvom, enum by ešte postačoval. Ale v realite sa rôzne typy nehnuteľností od seba líšia množstvom vlastností byt (Apartment) má počet izieb, poschodie, výťah ,dom (House) má garáž, záhradu, počet podlaží, pozemok (Land) má výmeru, stavebný charakter, komerčný priestor má parkovanie, typ využitia, počet vstupov. Všetky roly (User, RealityAgent, Admin) sa viažu priamo na Account, čo nie je vhodné. Roly by mali dediť z osoby (Person) alebo z nadtriedy používateľa (User), a Account by mal byť iba technický identifikátor účtu (login, heslo). Tour je napojený, ale je nejasné, ako súvisí s reálnou funkciou systému – je to rezervácia? návšteva? žiadosť? Contact obsahuje len meno a ID, redundantné informácie, ktoré už má Individual alebo Account. Building replikuje Listing a Address, ale bez jasného účelu. Trieda RealityCatalogue, ktorá by mohla niečo uchovávať, nemá žiadne atribúty, takže rozhranie sa nemá kde implementovať. Väčšina tried neobsahuje skoro žiadne metódy – to je v class diagrame zásadný problém. Trieda má reprezentovať aj správanie, nie len dátové polia.;7;E;5;A;/images/E0A1/290222_usecase.png;9;B;8;D;A;/images/E0A2/290222_activity.png;7;E;8;D;A;/images/E0A3/290222_class.png;5;Fx;5;Fx;D
100;290223;Ai;C;/images/S0U1/290223_requirements.png;Požiadavky sú logicky členené, formálne na veľmi dobrej úrovni a obsahovo pokrývajú navrhovaný systém, čo prispieva k prehľadnosti a kvalite návrhu.;10;A;5;C;/images/S0U2/290223_usecase.png;"Učiteľ neplní úlohy študenta, ako je odovzdávanie úloh a rôzne iné. Použitie generalizácie medzi týmito dvoma aktérmi je metodologicky nesprávne. Ďalším nedostatkom je, že návrh nezabezpečuje, aby každý aktér videl len svoje kurzy. Návrh neobsahuje pasívneho aktéra v podobe ""systému"", ktorý mal byť súčasťou riešenia podľa zadania. Navyše, prípady použitia, ktoré sú aktuálne k tomuto aktérovi priradené, nepredstavujú funkčné požiadavky, ktoré by sa mali v rámci UCD diagramu mapovať. Všetci aktívni aktéri musia byť umiestnení na ľavej strane hranice systému, nie len časť z nich. Zo zadania jasne vyplývalo, že pri každom vytvorení kurzu sa musí priradiť administrátor, preto je nevyhnutné použiť stereotyp include, ktorý túto povinnú závislosť medzi prípadmi použitia správne vyjadrí.";8;D;5;C;/images/S0U3/290223_activity.png;Diagram aktivít je veľmi dobre spracovaný. ;10;A;5;C;/images/S0U4/290223_class.png;Predložený návrh UML modelu parkovacieho systému pôsobí ako tri nesúvisiace podčasti bez jednotnej štruktúry a bez jasného prepojenia medzi kľúčovými entitami. Výsledkom je systém, ktorý nie je schopný jednoznačne zodpovedať základné otázky: kto parkuje, čo si rezervuje, za čo platí a ako súvisia jednotlivé akcie používateľa so zvyškom systému. Trieda Reservation je prepojená s User, čo naznačuje, že používateľ si niečo rezervuje. Problémom je, že čo rezervuje? Nie je prepojená na žiadne parkovacie miesto alebo konkrétnu akciu vozidla, teda rezervácia nie je jasne využitá v rámci parkovania. Triedy Notification a Payment sú prepojené s Reservation, no nie je uvedené, kto reálne túto notifikáciu dostáva alebo kto platí – väzba na User síce existuje, ale iba nejasne cez jeden atribút. Používateľ (User) má naviazané vozidlá (Vehicle), čo je očakávané. Avšak vozidlo nemá žiadnu väzbu na ParkingLot, ParkingSpot ani na Reservation, teda systém nevie, kde sa vozidlo nachádza, či je zaparkované, ani aký lístok má, atribút ticket: TicketStatus v Vehicle pôsobí ako zjednodušenie, ale chýba mu väzba na reálny ParkingTicket. Parkovací proces je modelovaný čisto cez ParkingAttendant, ktorý vydáva ParkingTicket. Používateľ nemá žiadnu interakciu s týmto procesom – nedostane lístok, nepriradí si miesto, nevie, kde parkuje. ParkingLot je naviazaný na Review, ale nie je jasné, od koho ten review pochádza – atribút reviewBy: User nestačí, chýba explicitné prepojenie aj z pohľadu návrhu väzieb. Navyše Review nie je nijako naviazaný na ParkingTicket ani Reservation, takže systém nevie, či používateľ vôbec niečo využil predtým, než poskytol hodnotenie.;7;E;4;C;/images/E0A1/290223_usecase.png;10;A;8;D;C;/images/E0A2/290223_activity.png;9;B;7;E;C;/images/E0A3/290223_class.png;9;B;6;Fx;B
101;290224;Ai;B;/images/S0U1/290224_requirements.png;Bohužiaľ, riešenie nespĺňa požadovaný rozsah (min. 15 požiadaviek) a nepokrýva dostatočne systém, aby mohol byť reálne použiteľný. Síce bola téma športovo zameraná, ale to je len doména, ktorú by bolo možné ľubovoľne nahradiť. Odporúčam do budúcna dôkladnejšie premyslieť funkčné požiadavky tak, aby sa zameriavali na systém v tomto prípade sa jedná konkrétne o redakčný systém ako celok a aby pokrývali kľúčové aspekty jeho fungovania. Nefunkčné požiadavky sú spracované správne.;5;Fx;3;B;/images/S0U2/290224_usecase.png;"Všetci aktívni aktéri musia byť umiestnení na ľavej strane hranice systému, nie len časť z nich. V návrhu máte len polovicu na správnej strane, čo narúša prehľadnosť diagramu. Ďalším nedostatkom je, že návrh nezabezpečuje, aby každý aktér videl len svoje kurzy. Na tento účel je potrebné vytvoriť všeobecnú entitu ""Používateľ"". ";8;D;4;B;/images/S0U3/290224_activity.png;Diagram aktivít obsahuje len štyri akcie a jedno rozhodnutie, čo ani zďaleka nezodpovedá komplexnému návrhu systému. Návrh takto nepokrýva potrebnú procesnú logiku, ktorá by mala reflektovať reálne procesy systému vrátane podmienok a výstupov.;6;Fx;4;B;/images/S0U4/290224_class.png;Enumerácie sú navrhnuté veľmi stroho a bez rozšírených možností. Napr. Status by mohol zahŕňať viacero stavov ako ACTIVE, BLOCKED, DELETED, prípadne PENDING atď. Navyše, enumerácie nie sú vždy správne priradené ku konkrétnym atribútom – chýbajú odkazy v príslušných triedach, kde by sa daný enum mal používať ako typ. Použitie typov ako phone: int je nevhodné – telefónne čísla by mali byť typu String, pretože môžu obsahovať predčíslia, zátvorky alebo symboly ako +. Rovnako status: int nedáva zmysel v prípade, že existuje viac ako dva stavy – vtedy je vhodné použiť enumeráciu, podobne price: int, zlava: int atď. Trieda Notification je síce priradená k objednávke, ale neexistuje žiadna väzba, ktorá by určila adresáta danej notifikácie (napr. Account). V dôsledku toho nie je jasné, kto notifikáciu prijíma, čo výrazne znižuje praktickú použiteľnosť návrhu. Trieda Address (mala byť dátový typ) a mala obsahovať výlučne údaje súvisiace s lokalitou – napr. ulica, mesto, PSČ, krajina. Atribúty ako meno alebo telefónne číslo do adresy nepatria, keďže sú osobné identifikačné údaje používateľa a mali by byť súčasťou samostatnej entity ako Account. V aktuálnom návrhu je trieda Košík (Cart) vytvorená ako samostatná trieda, ktorá je napojená len na Produkt, čo však nezohľadňuje základnú logiku systému. Košík by mal reprezentovať vzťah medzi konkrétnym účtom používateľa (Account) a produktami (Product), preto by mal byť modelovaný ako asociačná trieda medzi týmito dvoma entitami. Takto je možné do košíka každého používateľa priraďovať konkrétne produkty s prípadným doplňujúcim atribútom ako napr. počet kusov (quantity). Ďalším vážnym problémom je, že násobnosti vo viacerých prípadoch nie sú správne vyznačené, resp. sú zamenené.;7;E;3;B;/images/E0A1/290224_usecase.png;4;Fx;4;Fx;B;/images/E0A2/290224_activity.png;4;Fx;2;Fx;B;/images/E0A3/290224_class.png;4;Fx;4;Fx;Fx
102;290225;T;D;/images/S0U1/290225_requirements.png;"Cieľom pri špecifikácií je definovať základnú kostru systému, teda nevyhnutné funkcionality, bez ktorých systém nemôže fungovať. Vaše riešenie nemá praktické využitie, pretože navrhovaný systém pokrýva len minimálne možnosti interakcie. Taktiež odporúčam dávať si pozor na formulácie – napríklad ""zobrazovať informácie"" je príliš nejednoznačné a neurčité. Aké informácie? Kto ich vidí? Aké akcie môže používateľ s nimi vykonávať? Je dôležité tieto aspekty špecifikovať presnejšie. Rovnako ""security"" nie je možné považovať za funkčnú požiadavku, pretože bezpečnosť je nefunkčný aspekt systému – definuje kvalitatívne vlastnosti systému, nie konkrétne funkcionality, ktoré sú implementované. Poprosím doštudovať si rozdiely medzi funkčnými a nefunkčnými požiadavkami a celkovo princíp tvorby špecifikácie požiadaviek, aby návrh lepšie reflektoval reálne potreby a fungovanie systému.";7;E;4;D;/images/S0U2/290225_usecase.png;Diagram prípadov použitia je v poriadku, nie sú v ňom závažné nedostatky – základná štruktúra aj vzťahy medzi aktérmi a prípadmi použitia sú zvládnuté správne.;10;A;5;D;/images/S0U3/290225_activity.png;Čo sa však týka diagramu aktivít, je vidieť, že ste si dali záležať a snaha tam určite je. Problémom je však skôr kvantita než kvalita – množstvo akcií a rozhodovacích uzlov vytvára dojem komplexnosti, ale chýba tomu prehľadnosť a logická štruktúra. Diagram pôsobí miestami nečitateľne, chýba paralelizmus a možnosť synchronizácie činností, ktoré by lepšie vystihli súbežné procesy v systéme. Namiesto hlbšej analýzy prepojení je tam množstvo sekvenčne radených krokov, ktoré úplne nevystihujú reálne správanie systému. Odporúčam doplniť ďalšie prvky UML ako fork/join, prípadne objektové toky či jasnejšie podmienky, a pracovať na čitateľnosti a vyváženosti medzi obsahom a formou. Tak bude návrh pôsobiť ako skutočný diagram aktivít pre modelovanie procesov, nielen ako zoznam krokov.;9;B;5;D;/images/S0U4/290225_class.png;Daniel Vy ma musíte neznášať. Stačí nabudúce poslať len 1 súbor ak v prípade 2 máte potrebu to komprimovať. ShowSeat by mal dediť od CinemaHallSeat alebo byť s ním asociovaný, pretože predstavuje konkrétne sedadlo počas premietania, nie fyzické trvalé sedadlo. Týmto vieme evidovať, či je dané sedadlo v konkrétnej show obsadené. Použitie Address ako interface je bohužiaľ chyba. Interface je v objektovo-orientovanej analýze určený na definovanie rozhraní – teda skupiny metód, ktoré implementujú konkrétne triedy. Rozhodne by sa nemal používať ako dátový typ obsahujúci atribúty ako „city“, „street“ alebo „zip“. Address by mal byť bežnou dátovou triedou. Z pohľadu návrhu vzťahov chýba prepojenie medzi Payment a Person (alebo Customer). Je síce znázornené, čo sa platí, teda Booking, no nie je znázornené, kto túto platbu realizuje. To je dôležité pre identifikáciu zákazníka, ktorý konkrétnu rezerváciu zaplatil, čo má význam pri párovaní údajov, reklamáciách či spätnej kontrole. Okrem toho nie je správne nastavená kardinalita medzi Booking a Show. Medzi týmito entitami určite nejde o vzťah 1:1 – na jedno predstavenie (Show) môže existovať viacero rezervácií (Booking), preto by mal byť vzťah 1:N. Napokon, medzi Guest a Interface má byť vzťah typu „use“, nie klasická asociácia. Rozhrania slúžia na definovanie možností použitia, ktoré sú následne využívané rôznymi používateľmi systému, ako napr. Guest alebo Account.;8;D;5;D;/images/E0A1/290225_usecase.png;7;E;7;E;D;/images/E0A2/290225_activity.png;8;D;9;B;D;/images/E0A3/290225_class.png;8;D;10;A;C
103;290226;Ai;A;/images/S0U1/290226_requirements.png;Požiadavky sú jasne štruktúrované, logicky usporiadané a formálne správne formulované. Počet požiadaviek (min. 15) je dodržaný a ich obsah dostatočne pokrýva navrhovaný systém.;10;A;5;A;/images/S0U2/290226_usecase.png;"V návrhu systému sú aktéri identifikovaní správne, v návrhu chýba pomenovanie systému, čo je formálna, no dôležitá súčasť každého modelu. Názov systému pomáha jednoznačne identifikovať, aký systém je modelovaný, a zvyšuje celkovú prehľadnosť dokumentácie. Ďalej je potrebné upozorniť na nesprávne použitie stereotypov. Ako konkrétny príklad možno uviesť situáciu pri zmene rozvrhu, kde návrh predpokladá, že pri každej zmene je potrebné súčasne pridať aj odstrániť kurz. To však nie je pravda — tieto operácie môžu byť nezávislé a nemusia byť nevyhnutne previazané vzťahom typu include. Okrem toho, niektoré definované prípady použitia nie sú vhodne zvolené. Napríklad prípad ""zabrániť neoprávnenému prístupu ku známkam študenta"" nie je samostatný prípad použitia, ale skôr bezpečnostná požiadavka alebo nefunkčná požiadavka systému, ktorá by mala byť riešená v iných častiach návrhu, nie ako priama funkcionalita pre aktéra. Formálna stránka zápisu by si tiež zaslúžila väčšiu pozornosť. ";10;A;5;A;/images/S0U3/290226_activity.png;Diagram aktivít v aktuálnom návrhu je spracovaný v poriadku a zachytáva základnú logiku procesov. Odporúčam využiť aj ďalšie prvky diagramov, ako sú merge node, swimlane alebo paralelné toky, aby bol návrh komplexnejší a lepšie zachytával dynamiku systému.;9;B;5;A;/images/S0U4/290226_class.png;Diagram pôsobí prehľadne, ale je príliš jednoduchý na komplexný systém realitného portálu. Viacero dôležitých častí je buď nejasne definovaných, alebo úplne chýba. Trieda Notification má vzťah len k Member, ale nie je uvedené, kto a kedy túto notifikáciu vytvára. Notifikácie by mali byť vytvárané ako reakcia na konkrétnu akciu (napr. nové pridanie ponuky, zrušenie rezervácie, zmena stavu nehnuteľnosti). Chýba prepojenie s takouto udalosťou alebo s logikou systému, ktorá ich generuje. Z namodelovaného interface nie je zrejmé kto ho implementuje (žiadna trieda nemá vzťah realize). Rozhranie bez realizácie nemá v class diagrame zmysel – treba buď zadefinovať triedu, ktorá ho implementuje (napr. Catalogue, ListingService), alebo ho odstrániť. Je potrebné návrh výrazne rozšíriť o ďalšie triedy, ktoré reprezentujú základnú funkcionalitu portálu – napríklad komunikáciu (Message, Chat), hodnotenia (Review), ponuky (Offer) alebo katalóg nehnuteľností (ListingCatalogue). Bez týchto entít nie je možné zachytiť ani základné používateľské scenáre.;5;Fx;5;A;/images/E0A1/290226_usecase.png;10;A;10;A;A;/images/E0A2/290226_activity.png;10;A;10;A;A;/images/E0A3/290226_class.png;10;A;7;E;B
104;290227;Ai;C;/images/S0U1/290227_requirements.png;Požiadavky sú síce uvedené, ale len v minimálnom rozsahu a bez premyslenia. Ich formulácia je často nekonkrétna, prípadne ide len o opísanie očakávaného výsledku namiesto samotnej funkcionality.;5;Fx;3;C;/images/S0U2/290227_usecase.png;"Hranica systému nie je pomenovaná, čo je formálna chyba.  Návrh nezabezpečuje, aby každý aktér videl len svoje kurzy. Na tento účel je potrebné vytvoriť všeobecnú entitu ""Používateľ"", ktorej priradíte prípady použitia spoločné pre všetkých aktérov. Použitie generalizácie medzi študentom a učiteľom je metodologicky nesprávne.";8;D;5;C;/images/S0U3/290227_activity.png;Diagram aktivít je veľmi dobre spracovaný.;9;B;5;C;/images/S0U4/290227_class.png;V diagrame vôbec nevieme, kto je vlastníkom vozidla. Trieda Vehicle nie je nijako prepojená s Person alebo Account. V praxi je však zásadné, aby bolo možné určiť, kto dané vozidlo vlastní alebo ho používa. Je tu použitá enumerácia VehicleType aj samostatné triedy ako Car, Motorbike, ElectricCar, Bus, atď., ktoré všetky dedia z Vehicle. To vedie k zbytočnej duplicite. Buď sa má použiť iba enumerácia, alebo iba dedičnosť – nie oboje naraz. V ParkingTicket je vozidlo referencované iba ako vehicle: VehicleType, čo je typ, nie konkrétna inštancia. To znamená, že lístok neodkazuje na konkrétne vozidlo, ale len na typ – čo nedáva logiku. Na parkovacom lístku býva uvedené EČV konkrétneho vozidla, nie len to, že ide o motorku alebo auto. Triedy Person, Account a Admin nie sú jasne oddelené alebo zdedené – sú si rovnocenné, ale zároveň nie je zrejmé, kto čo dedí a aké sú presne medzi nimi vzťahy. Napr. Admin a Person obsahujú tie isté metódy ako buyParkingPlace() a deleteOwnAccount(), ktoré už sú aj v Account. V diagrame sa modelujú len rôzne druhy dopravných prostriedkov, ale úplne chýbajú kľúčové triedy. Tento diagram je teda skôr akýsi zoznam typov vozidiel než komplexný návrh systému parkovania. Je potrebné odstrániť duplicity, zaviesť vzťah medzi vozidlom a jeho majiteľom a zabezpečiť, aby lístky odkazovali na konkrétne objekty, nie iba typy.;7;E;4;C;/images/E0A1/290227_usecase.png;8;D;8;D;C;/images/E0A2/290227_activity.png;7;E;7;E;C;/images/E0A3/290227_class.png;7;E;6;Fx;E
105;290228;Ai;C;/images/S0U1/290228_requirements.png;Požiadavky sú logicky členené, formálne na veľmi dobrej úrovni a obsahovo pokrývajú navrhovaný systém, čo prispieva k prehľadnosti a kvalite návrhu.;10;A;5;C;/images/S0U2/290228_usecase.png;Váš diagram prípadov použitia obsahuje viaceré zásadné metodologické a formálne chyby, kvôli ktorým v takejto podobe nie je akceptovateľný. Prípady použitia musia byť vždy umiestnené vo vnútri hranice systému, keďže popisujú funkcionalitu, ktorú systém poskytuje. Váš diagram obsahuje prípady použitia, ktoré sú umiestnené mimo hranice, čo je formálna chyba. Aktéri sú vždy mimo hranice systému, pretože reprezentujú subjekty mimo systému, ktoré s ním interagujú. Váš diagram zobrazuje aktéra vo vnútri hranice, čo je vážna chyba v notácii. Prepojenia sú neprehľadné, niektoré väzby sú nejasné, a diagram ako celok pôsobí chaoticky. Takto vyhotovený diagram nie je možné považovať za čitateľný a správny návrh. Stereotypy ako include alebo extend sa používajú maximálne do jednej úrovne prepojenia, nie na tvorbu reťazcov medzi viacerými prípadmi použitia.;6;Fx;5;C;/images/S0U3/290228_activity.png;"Diagram aktivít obsahuje len akcie a jedno rozhodnutie, čo ani zďaleka nezodpovedá komplexnému návrhu systému. Návrh takto nepokrýva potrebnú procesnú logiku, ktorá by mala reflektovať reálne procesy systému vrátane podmienok a výstupov.
Pre kvalitný a realistický návrh je potrebné diagram výrazne rozšíriť a zahrnúť ďalšie prvky.";5;Fx;5;C;/images/S0U4/290228_class.png;Jednou z hlavných chýb je nepochopenie vzťahu medzi entitami Account, Person a Admin. V súčasnom návrhu Person aj Admin dedia od Account, čo je logicky nesprávne. Účet nie je typom osoby – je to prostriedok autentifikácie a správy právomocí, nie ontologická nadtrieda. V skutočnosti by mal byť Account asociovaný s Person, nie naopak. Admin by mal byť špecifickým účtom s vyššími oprávneniami, nie typom osoby dediacim od používateľa. Ďalej, trieda Notification je síce prepojená s entitou Person, ale v návrhu nie je jasné, na základe čoho tieto notifikácie vznikajú. Neexistuje žiadna väzba medzi Notification a konkrétnou udalosťou – napr. nezaplatený lístok, prekročenie času parkovania alebo úspešná rezervácia. Takto pôsobí systém, akoby generoval upozornenia náhodne, bez dôvodu. Každá notifikácia musí byť logicky naviazaná na udalosť alebo stav systému. Trieda ParkingTicket je momentálne prepojená priamo s entitou Person, čo je v rozpore s reálnou logikou parkovania. V skutočnosti je lístok viazaný na vozidlo (EČV), nie na osobu. Vodič môže vlastniť viacero áut, požičať auto alebo zaparkovať cudzie vozidlo – systém nemá byť viazaný na meno osoby, ale na konkrétne vozidlo. Toto je obzvlášť dôležité aj pre kontrolu pri výjazde a spracovanie pokút. Ďalšia vážna chyba je v modelovaní vzťahov Vehicle ↔ ParkingTicket a Vehicle ↔ ParkingSpot. V súčasnom návrhu ide o vzťahy 1:1, čo je nepraktické. V realite však jedno vozidlo môže mať viacero parkovacích lístkov (napr. ak navštívi parkovisko viackrát denne), a takisto môže parkovať na viacerých miestach počas rôznych dní. Správny model by mal preto používať vzťah 1:N, nie 1:1. Napokon, návrh triedy Payment je nedostatočný – chýba v ňom jasné prepojenie medzi tým, kto platí (Person alebo Account) a tým, za čo sa platí (ParkingTicket). Platba musí byť jednoznačne modelovaná ako vzťah medzi používateľom a službou, ktorú hradí. Bez tohto väzobného mosta je objekt Payment neúplný a systém nevie priradiť zodpovednosť za transakcie.;4;Fx;4;C;/images/E0A1/290228_usecase.png;6;Fx;6;Fx;C;/images/E0A2/290228_activity.png;7;E;7;E;C;/images/E0A3/290228_class.png;5;Fx;5;Fx;C
106;290229;Ai;C;/images/S0U1/290229_requirements.png;Používatelia systému sú dobre identifikovaní, avšak požiadavky je nevyhnutné premyslieť komplexnejšie a viac do hĺbky. Hosť nemôže mať len tri požiadavky – takto navrhnutý systém nie je veľmi užitočný. Je potrebné rozšíriť funkcionality, ktoré sú mu dostupné, aby systém pokrýval všetky relevantné interakcie. Systém nemôže sám od seba zrušiť rezerváciu, pretože na základe čoho by tak rozhodoval? Táto požiadavka patrí hosťovi, ktorý chce mať možnosť rezerváciu zrušiť. Systém môže umožniť zrušenie rezervácie, spracovať žiadosť a potvrdiť zrušenie, ale samotné rozhodnutie musí vykonať používateľ.;9;B;4;C;/images/S0U2/290229_usecase.png;Stereotyp include je správne identifikovaný ale je zle vyznačený - smerovanie šípky je chybné, mala by viesť od nadradeného prípadu k zahrnutému prípadu použitia. V návrhu chýba názov hranice systému, čo sa považuje za formálny nedostatok. ;8;D;5;C;/images/S0U3/290229_activity.png;Diagram aktivít je pomerne jednoduchý a pozostáva zo základných prvkov, čím pripomína skôr stavový diagram, ktorý nebol predmetom riešenia. Odporúčam zamerať sa aj na prvky ako merge nodes na správne spájanie rozhodovacích ciest, swimlanes pre rozlíšenie zodpovedností jednotlivých aktérov alebo systémových zložiek alebo paralelné toky, ak proces umožňuje vykonávanie činností súbežne.;7;E;5;C;/images/S0U4/290229_class.png;"Vzťah Person ↔ Vehicle je správny (1:N), ale chýba previazanie na ParkingSpot. Vozidlo je síce priradené osobe, ale neexistuje spôsob, ako by sme zistili, kde aktuálne parkuje. ParkingSpot nemá žiadny vzťah s Vehicle, čo je nelogické – ak parkujem vozidlo, malo by byť zrejmé kde je zaparkované. Na parkovacom lístku sa z kamery načíta Vaše meno alebo EČV vozidla? Ak Vaša odpoveď znie ""EČV"" je nelogické, aby bol lístok napojený na visitora a nie na vozidlo. Lístok sa totiž viaže na konkrétne zaparkované vozidlo, nie na osobu, ktorá ho vlastní alebo šoféruje. Z toho vyplýva, že ParkingTicket má byť naviazaný na Vehicle, nie na Visitor. Ak je napríklad vozidlo zaparkované trikrát, malo by mať tri lístky – každý priamo spojený s daným vozidlom. Trieda Payment je naviazaná len na ParkingTicket, ale nie na žiadnu osobu alebo účet. Ak platí návštevník (trieda Visitor), tak prečo neexistuje asociácia Visitor ↔ Payment? A ak ide o registrovaného používateľa, prečo to nespraví cez Account? Visitor je naviazaný na Person, ale jeho význam nie je jasný. Vzhľadom na to, že Person už má väzby na Vehicle, nie je jasné, čo Visitor robí navyše – a prečo sa nenarába s ním ako so samostatnou rolou (napr. pomocou dedičnosti alebo rozšírenia účtu). Pri reálnom systéme by sme očakávali, že cez účet používateľ objedná parkovanie, zaplatí, prípadne uvidí históriu. Tu však Account existuje izolovane len s login údajmi.";8;D;5;C;/images/E0A1/290229_usecase.png;8;D;8;D;C;/images/E0A2/290229_activity.png;9;B;8;D;C;/images/E0A3/290229_class.png;6;Fx;6;Fx;C
107;290230;Ai;C;/images/S0U1/290230_requirements.png;Požiadavky sú logicky členené, formálne správne a obsahovo pokrývajú navrhovaný systém, čo prispieva k prehľadnosti a kvalite návrhu.;10;A;5;C;/images/S0U2/290230_usecase.png;"Návrh nezabezpečuje, aby každý aktér videl len svoje kurzy. Na tento účel je potrebné vytvoriť všeobecnú entitu ""Používateľ"", ktorej priradíte prípady použitia spoločné pre všetkých aktérov (napríklad ""prehliadať kurzy"", ""prihlásiť sa na kurz"" atď.). Ostatní aktéri (študent, učiteľ, manažér) by následne dedili funkcionalitu od tejto entity.";9;B;5;C;/images/S0U3/290230_activity.png;Diagram aktivít je vypracovaný správne, prvky send a receive sú správne zvolené.;9;B;5;C;/images/S0U4/290230_class.png;Ide o zásadne nesprávne rozvrhnutý model, ktorý oddeľuje používateľov systému od jeho samotnej funkčnej logiky. To vedie k systému, ktorý nie je schopný odrážať reálne správanie, vlastníctvo ani zodpovednosť za akcie. Používatelia nie sú nijak prepojený s logickou parkovacieho systému. Vozidlo je centrálna entita, ktorá reprezentuje fyzický objekt vstupujúci do parkovacieho systému, a je absolútne nevyhnutné, aby systém vedel, komu patrí, kto zaň zodpovedá a kto platí za jeho služby. Táto väzba v návrhu chýba. Ďalej, celá skupina tried Person, Customer, Accountant, Admin a Parking_Attendant je postavená na dedičnosti od Person, ale nie je jasné, čo tieto entity reálne dedia, ani aký je medzi nimi rozdiel z hľadiska funkcionality. Závažný nedostatok je aj vo väzbách medzi entitami. Násobnosti vo vzťahoch úplne chýbajú, čo znemožňuje správne pochopiť, aké interakcie sú povolené. Napr. môže jedno vozidlo získať viacero lístkov? Môže jeden zákazník vlastniť viac áut? Môže parkovacie miesto obsadiť viaceré vozidlá počas dňa? Bez týchto informácií nie je možné model správne implementovať ani z neho generovať databázovú štruktúru. Okrem toho, ParkingTicket je aktuálne naviazaný len na Vehicle, nie na Customer alebo Accountant. Platba (Payment) je síce naviazaná na lístok, ale nie je zrejmé, kto platbu vykonáva, čím sa úplne stráca zodpovednosť a sledovanie transakcií. V reálnom systéme musí byť každá platba jednoznačne priradená k používateľovi. Podobne trieda EntrancePanel generuje lístok bez akejkoľvek väzby na používateľa – opäť sa predpokladá, že systém funguje úplne nezávisle od identity používateľa, čo odporuje základným pravidlám funkčnej bezpečnosti a účtovania v systémoch tohto typu.;3;Fx;2;C;/images/E0A1/290230_usecase.png;5;Fx;7;E;C;/images/E0A2/290230_activity.png;5;Fx;7;E;C;/images/E0A3/290230_class.png;4;Fx;7;E;E
108;290231;T;D;/images/S0U1/290231_requirements.png;Čo sa týka samotných požiadaviek, je dôležité dávať si pozor na to, aké úlohy systému priraďujeme. Systém určite netriedi typy izieb, nespravuje rezervácie, ani neumožňuje ich zrušenie – tieto činnosti vykonávajú používatelia systému, nie systém sám o sebe. Nie je možné automatizovať činnosti na takej úrovni, aby systém sám rozhodoval o takýchto akciách. Zrušiť rezerváciu môže recepčný prostredníctvom systému, ale systém sám od seba nemôže rozhodnúť, kedy a za akých podmienok by rezerváciu zrušil. Ak by to malo byť možné, bolo by potrebné presne špecifikovať, na základe akých podmienok a pravidiel by systém takúto akciu vykonával. Rovnako, systém si nemôže sám zarezervovať izbu – to je činnosť, ktorú vykonáva hosť, a systém mu len umožňuje takúto akciu vykonať. Preto je dôležité správne rozlišovať funkčnosť systému a úlohy jeho používateľov.;8;D;5;D;/images/S0U2/290231_usecase.png;"Učiteľ v žiadnom prípade nemôže dediť funkcionalitu študenta. Tieto role sú jasne odlišné — učiteľ neplní úlohy študenta, ako je odovzdávanie úloh a rôzne iné. Použitie generalizácie medzi týmito dvoma aktérmi je metodologicky nesprávne. Ďalším nedostatkom je, že návrh nezabezpečuje, aby každý aktér videl len svoje kurzy. Na tento účel je potrebné vytvoriť všeobecnú entitu ""Používateľ"", ktorej priradíte prípady použitia spoločné pre všetkých aktérov (napríklad ""prehliadať kurzy"", ""prihlásiť sa na kurz"" atď.). Ostatní aktéri (študent, učiteľ, manažér) by následne dedili funkcionalitu od tejto entity. Návrh neobsahuje pasívneho aktéra v podobe ""systému"", ktorý mal byť súčasťou riešenia podľa zadania. Navyše, prípady použitia, ktoré sú aktuálne k tomuto aktérovi priradené, nepredstavujú funkčné požiadavky, ktoré by sa mali v rámci UCD diagramu mapovať. Možnosť editovať kurzy nie je rozširujúca funkcionalita v zmysle použitia vzťahu extend. Vzťah extend používame vtedy, keď ide o voliteľné alebo podmienené správanie, ktoré rozširuje základný prípad použitia v špecifických situáciách. Editácia kurzov je však samostatná funkcionalita, ktorá patrí medzi základné možnosti systému a nie je naviazaná ako rozšírenie iného prípadu použitia.";3;Fx;2;D;/images/S0U3/290231_activity.png;"Rozhodovací uzol musí mať vždy vstupný tok a jeho vetvy sa musia správne spájať, najlepšie pomocou merge node, ak sa zbiehajú do jednej akcie. Váš diagram má vedľa seba tri rozhodovacie uzly (pridať úlohu / odstrániť úlohu / editovať úlohu), ktoré nie sú navzájom správne prepojené, a pôsobia ako tri oddelené rozhodnutia bez logickej náväznosti. V diagrame aktivít sa vzťah abstraction vôbec nepoužíva. Tento stereotyp patrí do úplne iných typov diagramov, ako sú napríklad diagramy tried alebo komponentov. Tu pôsobí ako zásadné nepochopenie notácie. Diagram je procesne a logicky nesprávny nakoľko po viacerých rozhodovacích uzloch nie sú zlúčené vetvy, procesy zostávajú ""otvorené"", čo je chyba. Akcie nemajú jednoznačné začiatky a konce, viaceré akcie nie sú napojené alebo sa nevracajú do hlavného toku procesu. ""Späť na úvodnú stránku"" je zobrazené niekoľkokrát bez správneho zlúčenia tokov.";2;Fx;3;D;/images/S0U4/290231_class.png;Jednou z najzásadnejších chýb je použitie dedičnosti tam, kde by mala byť len asociácia alebo kompozícia. Trieda Account dedí od Person, čo je konceptuálne nesprávne. Účet nie je špecifickým druhom osoby, ale jej technickou reprezentáciou v systéme – napr. na prihlasovanie, správu dát a aktivít. Správny návrh by mal zaviesť kompozíciu alebo asociačný vzťah, kde Account obsahuje referenciu na Person. Podobná chyba sa vyskytuje aj pri triede Parkingattendant, ktorá takisto dedí od Account. Triedy Account a Person sú úplne nekonzistentné Person má obsahovať (Fname, LName, phone, birthday) a Account naopak (AccountStatus, nickname, password). Nemiešať hrušky s jablkami. Ďalším nelogickým prvkom je prepojenie Account s ParkingLot. Používateľský účet by nemal byť vlastníkom alebo správcom parkoviska, pokiaľ nie je explicitne modelovaný ako správca systému. Navyše, hlavný vzťah k parkovaniu by mal byť cez Vehicle, ktoré sa reálne v parkovisku pohybuje, rezervuje miesto, získava lístok a platí za parkovanie. Či Vy do parkoviska idete bez auta a dostanete lístok? V návrhu sa nachádza aj pri triede Payment. Platba je naviazaná výlučne na Ticket, čo síce dáva zmysel ako technické priradenie transakcie k službe, no nie je uvedené, kto tú platbu vykonáva. Bez väzby na Account alebo Person nie je možné určiť vlastníka platby, čím sa stráca dohľadateľnosť a zodpovednosť. Ďalej, typy vozidiel (Car, Motorcycle) sú aktuálne modelované ako samostatné entity, ale prepojené s Vehicle cez asociáciu 1:1. Toto je neefektívne a zle škálovateľné riešenie. Vhodnejšie je použiť dedičnosť, kde Vehicle je abstraktná trieda a Car, Motorcycle, prípadne ElectricCar sú jej podtriedy. Napokon, triedy Fine a Notification sú napojené na Account, čo je v poriadku, avšak opäť chýba kontext: za čo konkrétne bola pokuta udelená alebo notifikácia odoslaná? Pokiaľ ide o pokutu za neplatenie parkovného, mala by byť prepojená na Ticket. Rovnako notifikácia – ak je reakciou na pokutu, rezerváciu alebo blížiaci sa čas vypršania, musí byť naviazaná na konkrétnu udalosť a nie len všeobecne na účet.;5;Fx;4;D;/images/E0A1/290231_usecase.png;7;E;4;Fx;D;/images/E0A2/290231_activity.png;8;D;6;Fx;D;/images/E0A3/290231_class.png;8;D;4;Fx;B
109;290232;Ai;C;/images/S0U1/290232_requirements.png;Toto je dobrá kostra, na ktorej sa dá ďalej stavať. Odporúčam však v návrhu pokračovať a dotiahnuť všetkých používateľov, aby systém pokrýval všetky relevantné interakcie. Je dôležité zamyslieť sa nad budúcou funkčnosťou systému do detailov, aby boli všetky jeho časti komplexne a logicky prepojené. Pokračovaním v tomto návrhu a jeho rozšírením môžete dosiahnuť plne funkčný a dobre štruktúrovaný systém.;10;A;2;C;/images/S0U2/290232_usecase.png;"Návrh nezabezpečuje, aby každý aktér videl len svoje kurzy. Na tento účel je potrebné vytvoriť všeobecnú entitu ""Používateľ"", ktorej priradíte prípady použitia spoločné pre všetkých aktérov (napríklad ""prehliadať kurzy"", ""prihlásiť sa na kurz"" atď.). Ostatní aktéri (študent, učiteľ, manažér) by následne dedili funkcionalitu od tejto entity. Z návrhu vyplýva, že študent je zároveň aj učiteľ a manažér, čo predpokladajme nebolo zámerom. Hranica systému nesmie niesť všeobecné označenie ako „Systém“. Hranica by mala byť vždy pomenovaná konkrétnym názvom modelovaného systému. Zo zadania vyplývalo, že pri každom vytvorení kurzu sa musí priradiť administrátora. To znamená že potrebujete vytvoriť prípad použitia ""Vytvoriť kurz"" a k nemu cez stereotyp include napojiť ""Priradiť administrátora"". V návrhu sa Vám to nepodarilo namapovať tak, aby to dávalo logicku.";6;Fx;1;C;/images/S0U3/290232_activity.png;"Diagram aktivít obsahuje len niekoľko akcií a dve rozhodnutia, čo ani zďaleka nezodpovedá komplexnému návrhu systému. Návrh takto nepokrýva potrebnú procesnú logiku, ktorá by mala reflektovať reálne procesy systému vrátane podmienok a výstupov.
Pre kvalitný a realistický návrh je potrebné diagram výrazne rozšíriť a zahrnúť ďalšie prvky.";5;Fx;1;C;/images/S0U4/290232_class.png;Vehicle a ParkingTicket sú momentálne navrhnuté ako vzťah 1:1, čo by vo všeobecnosti nebolo správne – keďže jedno vozidlo môže získať viacero lístkov. Avšak v tomto konkrétnom prípade – ak vozidlo vlastní parkovaciu kartu (ParkingCard), ktorá mu umožňuje mať priradený aktívny lístok počas celej doby platnosti, môže byť táto väzba 1:1 odôvodnená. Do budúcna by bolo vhodné myslieť aj na ďalšie rozšírenie návrhu – že ak systém v budúcnosti umožní bežné (jednorazové) vstupy bez karty, vzťah Vehicle ↔ ParkingTicket by sa mal upraviť na 1:N.;10;A;5;C;/images/E0A1/290232_usecase.png;4;Fx;6;Fx;C;/images/E0A2/290232_activity.png;4;Fx;5;Fx;C;/images/E0A3/290232_class.png;4;Fx;6;Fx;D
110;290233;Ai;B;/images/S0U1/290233_requirements.png;Požiadavky, ktoré sú zadefinované pod systémom, sú nefunkčné a nemožno ich považovať za funkčné požiadavky. Z hľadiska aktéra používateľa sú požiadavky pomerne dobre dotiahnuté. V podobnom duchu by však bolo potrebné pokračovať aj pri administrátorovi a tímovom koordinátorovi. ;10;A;5;B;/images/S0U2/290233_usecase.png;V návrhu systému sa vyskytujú viaceré logické aj formálne nedostatky. Je potrebné si uvedomiť, že manažér nemôže dediť funkcionalitu od študenta — manažér predsa neodovzdáva v kurze úlohy ani inak nevykonáva študentské aktivity. Rovnako administrátor nemôže dediť od pasívneho aktéra, ktorým je systém, pretože systém ako pasívny aktér nie je entita, od ktorej by sa dedili funkcionality. Na formálnu stránku prípadu použitia je potrebné klásť väčší dôraz. Pri vytváraní kurzu ste správne použili stereotypy pre priradenie administrátora ku kurzu. Avšak, táto logika už nie je správne prenesená pri zrušení kurzu. V prípade zrušenia kurzu už stereotyp pre priradenie administrátora neplatí, preto je potrebné tieto prípady použitia oddeliť, aby bola logika procesov korektná.;7;E;4;B;/images/S0U3/290233_activity.png;Čo sa týka diagramu aktivít, ten je v návrhu spracovaný pomerne jednoducho a neodzrkadľuje realisticky proces vydania certifikátu. V súčasnej podobe sa diagram sústreďuje len na kontrolu, či je známka Fx alebo iná, čo je nedostatočné. Pred samotným vydaním certifikátu je potrebné známku najskôr vypočítať na základe zadaných údajov (napr. výsledky úloh), čo v návrhu chýba. Diagram by bolo dobré rozšíriť o pokročilejšie prvky. ;7;E;4;B;/images/S0U4/290233_class.png;"Atribúty ako city, street, region, home v triede shipping_address sú typu int, čo nedáva zmysel – mali by byť string. cart_cvc, cart_date, cart_number v dátovom type Cart tiež nemajú vhodné typy – napr. dátumy by mali byť Date, CVC kód skôr string kvôli formátom ako ""032"". discount ako int je nepresné – zľavy bývajú v percentách alebo ako float. Trieda Review je napojená na Customer, ale Order je napojený na Account. To implikuje, že len Customer vie písať recenzie, ale objednávať môže ktokoľvek s účtom, čo nie je vnútorne konzistentné. Ak Admin môže vytvárať Order, mal by vedieť pridať aj Review, alebo to jasne obmedziť. Viaceré asociácie nemajú vyznačené násobnosti (napr. Payment – Order, Account – Review). Tým pádom nie je jasné, koľko platobných záznamov sa viaže na objednávku, koľko recenzií môže mať produkt, a koľko produktov môže mať používateľ v košíku. Diagram pôsobí preplnene a vizuálne chaoticky. Časté kríženie čiar, absencia štruktúry alebo zoskupovania tried podľa domén robí orientáciu náročnou. nterface View_products() je síce vytvorený, ale nie je zrejmé, ktorá trieda ho realizuje.";7;E;3;B;/images/E0A1/290233_usecase.png;7;E;8;D;B;/images/E0A2/290233_activity.png;9;B;8;D;B;/images/E0A3/290233_class.png;5;Fx;4;Fx;C
111;290234;Ai;C;/images/S0U1/290234_requirements.png;Požiadavky sú logicky členené, formálne správne a obsahovo pokrývajú navrhovaný systém, čo prispieva k prehľadnosti a kvalite návrhu.;10;A;5;C;/images/S0U2/290234_usecase.png;Diagram prípadov použitia je v poriadku, veľmi dobre vypracovaný, oceňujem prehľadnosť a správnu štruktúru. Návrh pôsobí premyslene a zodpovedá požiadavkám zadania.;10;A;5;C;/images/S0U3/290234_activity.png;Diagram aktivít je pomerne jednoduchý. Do budúcna odporúčam návrh rozšíriť a spracovať ho komplexnejšie — zahrnúť viac rozhodovacích uzlov, použiť merge nodes, swimlanes a ďalšie pokročilejšie prvky UML, aby diagram zachytil všetky procesné toky systému.;9;B;5;C;/images/S0U4/290234_class.png;Návrh diagramu obsahuje viacero štrukturálnych nepresností, ktoré môžu spôsobiť nejednoznačnosť pri interpretácii modelu a komplikácie pri implementácii. Najzásadnejšou chybou je nevhodná dedičnosť, konkrétne medzi triedami Person a Vehicle. Osoba a vozidlo reprezentujú dva odlišné koncepty, ktoré medzi sebou nemajú žiadnu hierarchickú väzbu. Dedičnosť v tomto prípade nie je na mieste – namiesto toho by bolo vhodné uvažovať o asociácii medzi osobou a vozidlom, ktorá by jednoznačne vyjadrovala vlastnícky vzťah. Ďalej je potrebné upozorniť na neprirodzené vnorenie dátového typu Person do samotnej triedy Person ako atribútu (info: Person), čo môže pôsobiť rekurzívne a zbytočne zložito. Ak je zámerom uchovávať štruktúrované osobné údaje, odporúča sa vytvoriť samostatný dátový typ (napr. PersonalData), ktorý bude obsahovať informácie ako dátum narodenia, email, meno a priezvisko. Trieda Account aktuálne nepokrýva žiadne atribúty ani funkcionalitu, čo výrazne oslabuje jej význam v návrhu. Chýbajú základné údaje ako prihlasovacie meno, heslo, alebo dátum registrácie, a taktiež typické operácie ako registrácia, prihlásenie či zmena hesla. Rovnako nie je explicitne zobrazené, komu účet patrí – teda aká je jeho väzba na entitu Person. Niektoré metódy sa taktiež nenachádzajú v kontextovo vhodných triedach – napríklad create_account() je uvedená priamo v triede Person, čo odporuje princípu oddelenia zodpovedností. Vhodnejším prístupom by bolo umiestniť túto funkcionalitu do triedy Account, ktorá je zodpovedná za správu používateľských účtov. Rovnako je potrebné prehodnotiť aj použitie enumerácií. Napriek tomu, že je uvedený VehicleType, jednotlivé typy vozidiel ako Car, Motorbike a ElectricCar sú zároveň reprezentované aj ako samostatné triedy, čo vytvára zbytočnú duplicitu. Je potrebné sa rozhodnúť buď pre polymorfné riešenie (s dedičnosťou a bez enumerácie), alebo pre jednoznačné využitie typu ako atribútu a zjednodušenie návrhu na jednu všeobecnú triedu Vehicle. Napokon chýbajú niektoré logické väzby, ako napríklad medzi Vehicle a jeho vlastníkom (Person alebo Account), čo je z pohľadu správy vozového parku alebo priraďovania parkovacích lístkov k nesprávnej entite – napr. na základe evidenčného čísla vozidla, nie mena návštevníka.;7;E;5;C;/images/E0A1/290234_usecase.png;6;Fx;7;E;C;/images/E0A2/290234_activity.png;8;D;8;D;C;/images/E0A3/290234_class.png;6;Fx;8;D;C
112;290235;T;D;/images/S0U1/290235_requirements.png;Tomáš, viaceré nefunkčné požiadavky ste zaradili medzi funkčné, čo je nesprávne. Odporúčala by som vám do budúcna viac sa zamerať na jedinečné funkcie systému, namiesto prílišného rozpisovania detailov jednej funkcionality, ako sú bežné CRUD operácie (napr. „pridať záznam“, „upraviť záznam“), ktoré sú síce dôležité, ale samy o sebe nestačia na pokrytie celého systému. Pri mystery shopping systéme by medzi jedinečné funkcie mohli patriť napríklad možnosť priraďovať mystery shopperov k jednotlivým úlohám, automatické vyhodnocovanie dotazníkov po ich odovzdaní, alebo funkcia pre klienta na sledovanie priebehu a výsledkov návštev v reálnom čase. Takéto požiadavky by pomohli lepšie vystihnúť špecifiká systému a zabezpečili by, že návrh bude komplexnejší a prakticky využiteľný.  No a poprosím, preštudovať si rozdiel medzi funkčnými a nefunkčnými požiadavkami. ;9;B;5;D;/images/S0U2/290235_usecase.png;"Snažím sa pochopiť váš návrh alebo sa aspoň priblížiť vášmu spôsobu uvažovania, no viaceré rozhodnutia pôsobia nejasne alebo nedokončene. Ak používateľ môže v systéme vykonať všetko vrátane vytvorenia objednávky bez akýchkoľvek údajov napr. o doručení, prečo do systému vstupuje ďalší aktér, ktorého možnosti sú len ""upravovať osobné údaje""? Štandardne návštevník si vie vytvoriť konto, pozrieť si ponuku, vyhľadávať/filtrovať a jednoducho začať proces objednávky. Ale v momente dokončenia už je ""používateľ/člen/zákazník"" systému, ktorý má už svoje konto, má históriu objednávok, má správu svojho účtu ... Zaujímalo by ma, ako si môžem sledovať stav objednávky pretože nikto nad tým nemá kontrolu v danom systéme. Nie je zrejmé, kto ich potvrdzuje, spracováva alebo aktualizuje ich stav. Ak nie je táto rola obsiahnutá, funkcia sledovania stavu objednávky pre používateľa stráca opodstatnenie, pretože stav sa nemá ako meniť ani evidovať. Celý návrh pôsobí ako kostra systému, základná štruktúra tam je, ale veľa prvkov chýba alebo nie sú navzájom previazané. Chýba logická nadväznosť medzi aktérmi, procesmi a údajmi.";7;E;5;D;/images/S0U3/290235_activity.png;Diagram aktivít je po formálnej stránke v poriadku, oceňujem použitie swimlines, čo zvyšuje prehľadnosť a správne rozdelenie kompetencií. Na druhej strane, riešenie mohlo byť výrazne komplexnejšie chýbajú napr. fork/join prvky pre paralelné alebo synchronizované činnosti, dátové toky a objekty, ktoré by lepšie vystihli, čo sa medzi aktivitami prenáša, ďalšie rozhodnutia s podmienkami a výnimkami.;8;D;5;D;/images/S0U4/290235_class.png;"Návrh, žiaľ, obsahuje viaceré zásadné nedostatky, ktoré spôsobujú, že systém nemá jasne definovanú logiku spracovania rezervácií, platieb a väzieb medzi kľúčovými entitami. Z pohľadu použiteľnosti systému nie je jasné, čo presne si ten chudák zákazník cez Booking rezervuje. Neexistuje prepojenie na Show, ShowSeat ani Movie, a teda rezervácia visí vo vzduchu bez väzby na konkrétny program a ako bonus sa za toto ""nič"" ešte aj platí. Trieda Booking musí byť prepojená na Show. Bez tejto väzby nevieme, na ktoré konkrétne premietanie si zákazník rezerváciu robí. ShowSeat by mal byť zas naviazaný na CinemaHallSeat, ideálne cez generalizáciu (dedičnosť), aby bolo jasné, že ide o obsadenosť konkrétneho sedadla počas jednej projekcie. Ďalej, trieda Payment nie je nijako napojená na používateľa – či už Customer alebo Account. To znamená, že systém síce vie, čo sa platí, ale nie kto platí, čo je zásadná chyba. Pre každú platbu musíme byť schopní spätne dohľadať osobu, ktorá ju vykonala. Trieda Guest správne využíva use vzťah na rozhranie CinemaInterface, rovnako ako Account, ale chýba nám trieda, ktorá by tento interface reálne implementovala (t.j. trieda s metódami Filter, Search, Show). Interface bez realizácie nemá zmysel – ide len o kontrakt, ktorý musí byť niekým naplnený.";7;E;5;D;/images/E0A1/290235_usecase.png;6;Fx;8;D;D;/images/E0A2/290235_activity.png;7;E;7;E;D;/images/E0A3/290235_class.png;5;Fx;7;E;C
